{"best":{"X":3,"Y":70,"Z":545,"label":1,"score":1.0,"xcenter":153,"xmax":0.68701171875,"xmin":0.33740234375,"ycenter":104,"ymax":0.54052734375,"ymin":0.1580810546875},"faces":[{"X":3,"Y":70,"Z":545,"label":1,"score":1.0,"xcenter":153,"xmax":0.68701171875,"xmin":0.33740234375,"ycenter":104,"ymax":0.54052734375,"ymin":0.1580810546875}]}