{"best":{"X":-92,"Y":75,"Z":561,"label":1,"score":1.0,"xcenter":92,"xmax":0.482421875,"xmin":0.1373291015625,"ycenter":102,"ymax":0.5107421875,"ymin":0.1700439453125},"faces":[{"X":-92,"Y":75,"Z":561,"label":1,"score":1.0,"xcenter":92,"xmax":0.482421875,"xmin":0.1373291015625,"ycenter":102,"ymax":0.5107421875,"ymin":0.1700439453125}]}