{"best":{"X":-50,"Y":78,"Z":507,"label":1,"score":1.0,"xcenter":115,"xmax":0.5751953125,"xmin":0.1966552734375,"ycenter":95,"ymax":0.529296875,"ymin":0.1107177734375},"faces":[{"X":-50,"Y":78,"Z":507,"label":1,"score":1.0,"xcenter":115,"xmax":0.5751953125,"xmin":0.1966552734375,"ycenter":95,"ymax":0.529296875,"ymin":0.1107177734375}]}