{"best":{"X":16,"Y":69,"Z":565,"label":1,"score":1.0,"xcenter":161,"xmax":0.70068359375,"xmin":0.37451171875,"ycenter":106,"ymax":0.5458984375,"ymin":0.168212890625},"faces":[{"X":16,"Y":69,"Z":565,"label":1,"score":1.0,"xcenter":161,"xmax":0.70068359375,"xmin":0.37451171875,"ycenter":106,"ymax":0.5458984375,"ymin":0.168212890625}]}