{"best":{"X":39,"Y":58,"Z":598,"label":1,"score":1.0,"xcenter":174,"xmax":0.74609375,"xmin":0.419921875,"ycenter":115,"ymax":0.564453125,"ymin":0.206298828125},"faces":[{"X":39,"Y":58,"Z":598,"label":1,"score":1.0,"xcenter":174,"xmax":0.74609375,"xmin":0.419921875,"ycenter":115,"ymax":0.564453125,"ymin":0.206298828125}]}