{"best":{"X":4,"Y":50,"Z":670,"label":1,"score":0.99951171875,"xcenter":153,"xmax":0.65673828125,"xmin":0.36865234375,"ycenter":123,"ymax":0.57080078125,"ymin":0.25390625},"faces":[{"X":4,"Y":50,"Z":670,"label":1,"score":0.99951171875,"xcenter":153,"xmax":0.65673828125,"xmin":0.36865234375,"ycenter":123,"ymax":0.57080078125,"ymin":0.25390625}]}