{"best":{"X":76,"Y":60,"Z":358,"label":1,"score":1.0,"xcenter":227,"xmax":1.00390625,"xmin":0.51171875,"ycenter":90,"ymax":0.6044921875,"ymin":0.002685546875},"faces":[{"X":76,"Y":60,"Z":358,"label":1,"score":1.0,"xcenter":227,"xmax":1.00390625,"xmin":0.51171875,"ycenter":90,"ymax":0.6044921875,"ymin":0.002685546875}]}