{"best":{"X":14,"Y":61,"Z":601,"label":1,"score":1.0,"xcenter":159,"xmax":0.6953125,"xmin":0.373291015625,"ycenter":114,"ymax":0.5556640625,"ymin":0.208251953125},"faces":[{"X":14,"Y":61,"Z":601,"label":1,"score":1.0,"xcenter":159,"xmax":0.6953125,"xmin":0.373291015625,"ycenter":114,"ymax":0.5556640625,"ymin":0.208251953125}]}