{"best":{"X":52,"Y":62,"Z":581,"label":1,"score":1.0,"xcenter":183,"xmax":0.7783203125,"xmin":0.443359375,"ycenter":112,"ymax":0.5537109375,"ymin":0.194580078125},"faces":[{"X":52,"Y":62,"Z":581,"label":1,"score":1.0,"xcenter":183,"xmax":0.7783203125,"xmin":0.443359375,"ycenter":112,"ymax":0.5537109375,"ymin":0.194580078125}]}