{"best":{"X":21,"Y":76,"Z":578,"label":1,"score":1.0,"xcenter":164,"xmax":0.7158203125,"xmin":0.380859375,"ycenter":103,"ymax":0.51513671875,"ymin":0.1751708984375},"faces":[{"X":21,"Y":76,"Z":578,"label":1,"score":1.0,"xcenter":164,"xmax":0.7158203125,"xmin":0.380859375,"ycenter":103,"ymax":0.51513671875,"ymin":0.1751708984375}]}