{"best":{"X":-37,"Y":73,"Z":571,"label":1,"score":1.0,"xcenter":127,"xmax":0.5947265625,"xmin":0.255859375,"ycenter":104,"ymax":0.5283203125,"ymin":0.171142578125},"faces":[{"X":-37,"Y":73,"Z":571,"label":1,"score":1.0,"xcenter":127,"xmax":0.5947265625,"xmin":0.255859375,"ycenter":104,"ymax":0.5283203125,"ymin":0.171142578125}]}