{"best":{"X":-11,"Y":71,"Z":542,"label":1,"score":1.0,"xcenter":143,"xmax":0.6533203125,"xmin":0.3076171875,"ycenter":103,"ymax":0.53662109375,"ymin":0.1553955078125},"faces":[{"X":-11,"Y":71,"Z":542,"label":1,"score":1.0,"xcenter":143,"xmax":0.6533203125,"xmin":0.3076171875,"ycenter":103,"ymax":0.53662109375,"ymin":0.1553955078125}]}