{"best":{"X":-2,"Y":68,"Z":579,"label":1,"score":0.99951171875,"xcenter":149,"xmax":0.6630859375,"xmin":0.334228515625,"ycenter":108,"ymax":0.546875,"ymin":0.1781005859375},"faces":[{"X":-2,"Y":68,"Z":579,"label":1,"score":0.99951171875,"xcenter":149,"xmax":0.6630859375,"xmin":0.334228515625,"ycenter":108,"ymax":0.546875,"ymin":0.1781005859375}]}