{"best":{"X":-2,"Y":71,"Z":568,"label":1,"score":1.0,"xcenter":149,"xmax":0.66162109375,"xmin":0.333984375,"ycenter":105,"ymax":0.537109375,"ymin":0.1697998046875},"faces":[{"X":-2,"Y":71,"Z":568,"label":1,"score":1.0,"xcenter":149,"xmax":0.66162109375,"xmin":0.333984375,"ycenter":105,"ymax":0.537109375,"ymin":0.1697998046875}]}