{"best":{"X":5,"Y":66,"Z":576,"label":1,"score":1.0,"xcenter":154,"xmax":0.6826171875,"xmin":0.347900390625,"ycenter":109,"ymax":0.5625,"ymin":0.167724609375},"faces":[{"X":5,"Y":66,"Z":576,"label":1,"score":1.0,"xcenter":154,"xmax":0.6826171875,"xmin":0.347900390625,"ycenter":109,"ymax":0.5625,"ymin":0.167724609375}]}