{"best":{"X":-16,"Y":70,"Z":563,"label":1,"score":1.0,"xcenter":140,"xmax":0.640625,"xmin":0.297119140625,"ycenter":105,"ymax":0.53662109375,"ymin":0.1678466796875},"faces":[{"X":-16,"Y":70,"Z":563,"label":1,"score":1.0,"xcenter":140,"xmax":0.640625,"xmin":0.297119140625,"ycenter":105,"ymax":0.53662109375,"ymin":0.1678466796875}]}