{"best":{"X":-84,"Y":61,"Z":343,"label":1,"score":0.986328125,"xcenter":63,"xmax":0.4267578125,"xmin":-0.0037841796875,"ycenter":86,"ymax":0.568359375,"ymin":0.012939453125},"faces":[{"X":-84,"Y":61,"Z":343,"label":1,"score":0.986328125,"xcenter":63,"xmax":0.4267578125,"xmin":-0.0037841796875,"ycenter":86,"ymax":0.568359375,"ymin":0.012939453125}]}