{"best":{"X":-18,"Y":79,"Z":530,"label":1,"score":1.0,"xcenter":138,"xmax":0.6455078125,"xmin":0.28125,"ycenter":97,"ymax":0.5205078125,"ymin":0.1270751953125},"faces":[{"X":-18,"Y":79,"Z":530,"label":1,"score":1.0,"xcenter":138,"xmax":0.6455078125,"xmin":0.28125,"ycenter":97,"ymax":0.5205078125,"ymin":0.1270751953125}]}