{"best":{"X":-109,"Y":84,"Z":474,"label":1,"score":1.0,"xcenter":68,"xmax":0.435546875,"xmin":0.0255126953125,"ycenter":87,"ymax":0.52734375,"ymin":0.0572509765625},"faces":[{"X":-109,"Y":84,"Z":474,"label":1,"score":1.0,"xcenter":68,"xmax":0.435546875,"xmin":0.0255126953125,"ycenter":87,"ymax":0.52734375,"ymin":0.0572509765625}]}