{"best":{"X":0,"Y":67,"Z":577,"label":1,"score":1.0,"xcenter":150,"xmax":0.6640625,"xmin":0.33984375,"ycenter":108,"ymax":0.5546875,"ymin":0.167724609375},"faces":[{"X":0,"Y":67,"Z":577,"label":1,"score":1.0,"xcenter":150,"xmax":0.6640625,"xmin":0.33984375,"ycenter":108,"ymax":0.5546875,"ymin":0.167724609375}]}