{"best":{"X":-89,"Y":77,"Z":561,"label":1,"score":1.0,"xcenter":94,"xmax":0.490234375,"xmin":0.14111328125,"ycenter":101,"ymax":0.5126953125,"ymin":0.1640625},"faces":[{"X":-89,"Y":77,"Z":561,"label":1,"score":1.0,"xcenter":94,"xmax":0.490234375,"xmin":0.14111328125,"ycenter":101,"ymax":0.5126953125,"ymin":0.1640625}]}