{"best":{"X":-103,"Y":71,"Z":580,"label":1,"score":1.0,"xcenter":87,"xmax":0.46533203125,"xmin":0.12158203125,"ycenter":106,"ymax":0.5185546875,"ymin":0.195556640625},"faces":[{"X":-103,"Y":71,"Z":580,"label":1,"score":1.0,"xcenter":87,"xmax":0.46533203125,"xmin":0.12158203125,"ycenter":106,"ymax":0.5185546875,"ymin":0.195556640625}]}