{"best":{"X":-103,"Y":86,"Z":439,"label":1,"score":1.0,"xcenter":66,"xmax":0.4423828125,"xmin":0.0054931640625,"ycenter":80,"ymax":0.52734375,"ymin":0.01123046875},"faces":[{"X":-103,"Y":86,"Z":439,"label":1,"score":1.0,"xcenter":66,"xmax":0.4423828125,"xmin":0.0054931640625,"ycenter":80,"ymax":0.52734375,"ymin":0.01123046875}]}