{"best":{"X":32,"Y":61,"Z":560,"label":1,"score":1.0,"xcenter":171,"xmax":0.74365234375,"xmin":0.39990234375,"ycenter":111,"ymax":0.56201171875,"ymin":0.18359375},"faces":[{"X":32,"Y":61,"Z":560,"label":1,"score":1.0,"xcenter":171,"xmax":0.74365234375,"xmin":0.39990234375,"ycenter":111,"ymax":0.56201171875,"ymin":0.18359375}]}