{"best":{"X":-4,"Y":71,"Z":578,"label":1,"score":1.0,"xcenter":148,"xmax":0.65673828125,"xmin":0.33544921875,"ycenter":106,"ymax":0.53759765625,"ymin":0.1717529296875},"faces":[{"X":-4,"Y":71,"Z":578,"label":1,"score":1.0,"xcenter":148,"xmax":0.65673828125,"xmin":0.33544921875,"ycenter":106,"ymax":0.53759765625,"ymin":0.1717529296875}]}