{"best":{"X":17,"Y":71,"Z":546,"label":1,"score":1.0,"xcenter":162,"xmax":0.70654296875,"xmin":0.37841796875,"ycenter":103,"ymax":0.5263671875,"ymin":0.1693115234375},"faces":[{"X":17,"Y":71,"Z":546,"label":1,"score":1.0,"xcenter":162,"xmax":0.70654296875,"xmin":0.37841796875,"ycenter":103,"ymax":0.5263671875,"ymin":0.1693115234375}]}