{"best":{"X":54,"Y":65,"Z":585,"label":1,"score":1.0,"xcenter":184,"xmax":0.78076171875,"xmin":0.45068359375,"ycenter":110,"ymax":0.54736328125,"ymin":0.1927490234375},"faces":[{"X":54,"Y":65,"Z":585,"label":1,"score":1.0,"xcenter":184,"xmax":0.78076171875,"xmin":0.45068359375,"ycenter":110,"ymax":0.54736328125,"ymin":0.1927490234375}]}