{"best":{"X":-7,"Y":74,"Z":510,"label":1,"score":1.0,"xcenter":145,"xmax":0.662109375,"xmin":0.3076171875,"ycenter":98,"ymax":0.5263671875,"ymin":0.1357421875},"faces":[{"X":-7,"Y":74,"Z":510,"label":1,"score":1.0,"xcenter":145,"xmax":0.662109375,"xmin":0.3076171875,"ycenter":98,"ymax":0.5263671875,"ymin":0.1357421875}]}