{"best":{"X":-7,"Y":71,"Z":564,"label":1,"score":1.0,"xcenter":146,"xmax":0.654296875,"xmin":0.32373046875,"ycenter":105,"ymax":0.53271484375,"ymin":0.1705322265625},"faces":[{"X":-7,"Y":71,"Z":564,"label":1,"score":1.0,"xcenter":146,"xmax":0.654296875,"xmin":0.32373046875,"ycenter":105,"ymax":0.53271484375,"ymin":0.1705322265625}]}