{"best":{"X":41,"Y":59,"Z":584,"label":1,"score":1.0,"xcenter":176,"xmax":0.75830078125,"xmin":0.42236328125,"ycenter":114,"ymax":0.5654296875,"ymin":0.1968994140625},"faces":[{"X":41,"Y":59,"Z":584,"label":1,"score":1.0,"xcenter":176,"xmax":0.75830078125,"xmin":0.42236328125,"ycenter":114,"ymax":0.5654296875,"ymin":0.1968994140625}]}