{"best":{"X":-17,"Y":76,"Z":549,"label":1,"score":1.0,"xcenter":139,"xmax":0.6435546875,"xmin":0.289306640625,"ycenter":100,"ymax":0.5224609375,"ymin":0.148193359375},"faces":[{"X":-17,"Y":76,"Z":549,"label":1,"score":1.0,"xcenter":139,"xmax":0.6435546875,"xmin":0.289306640625,"ycenter":100,"ymax":0.5224609375,"ymin":0.148193359375}]}