{"best":{"X":-157,"Y":63,"Z":589,"label":1,"score":1.0,"xcenter":55,"xmax":0.35791015625,"xmin":0.01416015625,"ycenter":112,"ymax":0.5517578125,"ymin":0.200927734375},"faces":[{"X":-157,"Y":63,"Z":589,"label":1,"score":1.0,"xcenter":55,"xmax":0.35791015625,"xmin":0.01416015625,"ycenter":112,"ymax":0.5517578125,"ymin":0.200927734375}]}