{"best":{"X":-2,"Y":59,"Z":620,"label":1,"score":0.998046875,"xcenter":149,"xmax":0.6513671875,"xmin":0.346923828125,"ycenter":116,"ymax":0.55322265625,"ymin":0.2255859375},"faces":[{"X":-2,"Y":59,"Z":620,"label":1,"score":0.998046875,"xcenter":149,"xmax":0.6513671875,"xmin":0.346923828125,"ycenter":116,"ymax":0.55322265625,"ymin":0.2255859375}]}