{"best":{"X":-10,"Y":70,"Z":570,"label":1,"score":1.0,"xcenter":144,"xmax":0.65234375,"xmin":0.311279296875,"ycenter":106,"ymax":0.54345703125,"ymin":0.1668701171875},"faces":[{"X":-10,"Y":70,"Z":570,"label":1,"score":1.0,"xcenter":144,"xmax":0.65234375,"xmin":0.311279296875,"ycenter":106,"ymax":0.54345703125,"ymin":0.1668701171875}]}