{"best":{"X":8,"Y":69,"Z":574,"label":1,"score":1.0,"xcenter":156,"xmax":0.6875,"xmin":0.3544921875,"ycenter":107,"ymax":0.548828125,"ymin":0.1693115234375},"faces":[{"X":8,"Y":69,"Z":574,"label":1,"score":1.0,"xcenter":156,"xmax":0.6875,"xmin":0.3544921875,"ycenter":107,"ymax":0.548828125,"ymin":0.1693115234375}]}