{"best":{"X":97,"Y":65,"Z":424,"label":1,"score":1.0,"xcenter":233,"xmax":1.0029296875,"xmin":0.55859375,"ycenter":95,"ymax":0.5693359375,"ymin":0.067138671875},"faces":[{"X":97,"Y":65,"Z":424,"label":1,"score":1.0,"xcenter":233,"xmax":1.0029296875,"xmin":0.55859375,"ycenter":95,"ymax":0.5693359375,"ymin":0.067138671875}]}