{"best":{"X":-31,"Y":75,"Z":575,"label":1,"score":1.0,"xcenter":131,"xmax":0.609375,"xmin":0.270751953125,"ycenter":103,"ymax":0.5166015625,"ymin":0.1734619140625},"faces":[{"X":-31,"Y":75,"Z":575,"label":1,"score":1.0,"xcenter":131,"xmax":0.609375,"xmin":0.270751953125,"ycenter":103,"ymax":0.5166015625,"ymin":0.1734619140625}]}