{"best":{"X":-39,"Y":79,"Z":496,"label":1,"score":1.0,"xcenter":122,"xmax":0.59765625,"xmin":0.21728515625,"ycenter":93,"ymax":0.52392578125,"ymin":0.0992431640625},"faces":[{"X":-39,"Y":79,"Z":496,"label":1,"score":1.0,"xcenter":122,"xmax":0.59765625,"xmin":0.21728515625,"ycenter":93,"ymax":0.52392578125,"ymin":0.0992431640625}]}