{"best":{"X":10,"Y":68,"Z":578,"label":1,"score":1.0,"xcenter":157,"xmax":0.6923828125,"xmin":0.359375,"ycenter":108,"ymax":0.5517578125,"ymin":0.1759033203125},"faces":[{"X":10,"Y":68,"Z":578,"label":1,"score":1.0,"xcenter":157,"xmax":0.6923828125,"xmin":0.359375,"ycenter":108,"ymax":0.5517578125,"ymin":0.1759033203125}]}