{"best":{"X":-19,"Y":78,"Z":511,"label":1,"score":1.0,"xcenter":137,"xmax":0.64306640625,"xmin":0.27587890625,"ycenter":95,"ymax":0.5185546875,"ymin":0.118408203125},"faces":[{"X":-19,"Y":78,"Z":511,"label":1,"score":1.0,"xcenter":137,"xmax":0.64306640625,"xmin":0.27587890625,"ycenter":95,"ymax":0.5185546875,"ymin":0.118408203125}]}