{"best":{"X":-19,"Y":68,"Z":585,"label":1,"score":1.0,"xcenter":139,"xmax":0.63818359375,"xmin":0.2900390625,"ycenter":108,"ymax":0.5439453125,"ymin":0.1822509765625},"faces":[{"X":-19,"Y":68,"Z":585,"label":1,"score":1.0,"xcenter":139,"xmax":0.63818359375,"xmin":0.2900390625,"ycenter":108,"ymax":0.5439453125,"ymin":0.1822509765625}]}