{"best":{"X":-79,"Y":73,"Z":581,"label":1,"score":1.0,"xcenter":102,"xmax":0.5107421875,"xmin":0.171142578125,"ycenter":105,"ymax":0.5166015625,"ymin":0.1915283203125},"faces":[{"X":-79,"Y":73,"Z":581,"label":1,"score":1.0,"xcenter":102,"xmax":0.5107421875,"xmin":0.171142578125,"ycenter":105,"ymax":0.5166015625,"ymin":0.1915283203125}]}