{"best":{"X":-32,"Y":69,"Z":343,"label":1,"score":1.0,"xcenter":117,"xmax":0.6640625,"xmin":0.116943359375,"ycenter":78,"ymax":0.5205078125,"ymin":-0.002197265625},"faces":[{"X":-32,"Y":69,"Z":343,"label":1,"score":1.0,"xcenter":117,"xmax":0.6640625,"xmin":0.116943359375,"ycenter":78,"ymax":0.5205078125,"ymin":-0.002197265625}]}