{"best":{"X":-68,"Y":81,"Z":423,"label":1,"score":1.0,"xcenter":93,"xmax":0.5244140625,"xmin":0.097412109375,"ycenter":81,"ymax":0.51904296875,"ymin":0.0279541015625},"faces":[{"X":-68,"Y":81,"Z":423,"label":1,"score":1.0,"xcenter":93,"xmax":0.5244140625,"xmin":0.097412109375,"ycenter":81,"ymax":0.51904296875,"ymin":0.0279541015625}]}