{"best":{"X":56,"Y":65,"Z":583,"label":1,"score":1.0,"xcenter":185,"xmax":0.7861328125,"xmin":0.453125,"ycenter":110,"ymax":0.55029296875,"ymin":0.1868896484375},"faces":[{"X":56,"Y":65,"Z":583,"label":1,"score":1.0,"xcenter":185,"xmax":0.7861328125,"xmin":0.453125,"ycenter":110,"ymax":0.55029296875,"ymin":0.1868896484375}]}