{"best":{"X":-109,"Y":81,"Z":491,"label":1,"score":1.0,"xcenter":71,"xmax":0.44482421875,"xmin":0.0355224609375,"ycenter":91,"ymax":0.53857421875,"ymin":0.0748291015625},"faces":[{"X":-109,"Y":81,"Z":491,"label":1,"score":1.0,"xcenter":71,"xmax":0.44482421875,"xmin":0.0355224609375,"ycenter":91,"ymax":0.53857421875,"ymin":0.0748291015625}]}