{"best":{"X":-144,"Y":60,"Z":595,"label":1,"score":1.0,"xcenter":64,"xmax":0.383544921875,"xmin":0.04541015625,"ycenter":114,"ymax":0.55078125,"ymin":0.2117919921875},"faces":[{"X":-144,"Y":60,"Z":595,"label":1,"score":1.0,"xcenter":64,"xmax":0.383544921875,"xmin":0.04541015625,"ycenter":114,"ymax":0.55078125,"ymin":0.2117919921875}]}