{"best":{"X":33,"Y":62,"Z":586,"label":1,"score":1.0,"xcenter":171,"xmax":0.73828125,"xmin":0.408203125,"ycenter":112,"ymax":0.5595703125,"ymin":0.195556640625},"faces":[{"X":33,"Y":62,"Z":586,"label":1,"score":1.0,"xcenter":171,"xmax":0.73828125,"xmin":0.408203125,"ycenter":112,"ymax":0.5595703125,"ymin":0.195556640625}]}