{"best":{"X":9,"Y":61,"Z":608,"label":1,"score":1.0,"xcenter":156,"xmax":0.6845703125,"xmin":0.360595703125,"ycenter":114,"ymax":0.56103515625,"ymin":0.20068359375},"faces":[{"X":9,"Y":61,"Z":608,"label":1,"score":1.0,"xcenter":156,"xmax":0.6845703125,"xmin":0.360595703125,"ycenter":114,"ymax":0.56103515625,"ymin":0.20068359375}]}