{"best":{"X":-45,"Y":72,"Z":553,"label":1,"score":1.0,"xcenter":121,"xmax":0.58544921875,"xmin":0.228515625,"ycenter":103,"ymax":0.52783203125,"ymin":0.1644287109375},"faces":[{"X":-45,"Y":72,"Z":553,"label":1,"score":1.0,"xcenter":121,"xmax":0.58544921875,"xmin":0.228515625,"ycenter":103,"ymax":0.52783203125,"ymin":0.1644287109375}]}