{"best":{"X":12,"Y":63,"Z":580,"label":1,"score":1.0,"xcenter":158,"xmax":0.69189453125,"xmin":0.36376953125,"ycenter":111,"ymax":0.5615234375,"ymin":0.183349609375},"faces":[{"X":12,"Y":63,"Z":580,"label":1,"score":1.0,"xcenter":158,"xmax":0.69189453125,"xmin":0.36376953125,"ycenter":111,"ymax":0.5615234375,"ymin":0.183349609375}]}