{"best":{"X":-131,"Y":62,"Z":582,"label":1,"score":1.0,"xcenter":70,"xmax":0.40625,"xmin":0.06494140625,"ycenter":112,"ymax":0.546875,"ymin":0.204833984375},"faces":[{"X":-131,"Y":62,"Z":582,"label":1,"score":1.0,"xcenter":70,"xmax":0.40625,"xmin":0.06494140625,"ycenter":112,"ymax":0.546875,"ymin":0.204833984375}]}