{"best":{"X":-56,"Y":76,"Z":555,"label":1,"score":1.0,"xcenter":114,"xmax":0.55859375,"xmin":0.207763671875,"ycenter":101,"ymax":0.517578125,"ymin":0.162841796875},"faces":[{"X":-56,"Y":76,"Z":555,"label":1,"score":1.0,"xcenter":114,"xmax":0.55859375,"xmin":0.207763671875,"ycenter":101,"ymax":0.517578125,"ymin":0.162841796875}]}