{"best":{"X":-47,"Y":82,"Z":421,"label":1,"score":1.0,"xcenter":110,"xmax":0.5966796875,"xmin":0.1380615234375,"ycenter":80,"ymax":0.52783203125,"ymin":0.0078125},"faces":[{"X":-47,"Y":82,"Z":421,"label":1,"score":1.0,"xcenter":110,"xmax":0.5966796875,"xmin":0.1380615234375,"ycenter":80,"ymax":0.52783203125,"ymin":0.0078125}]}