{"best":{"X":49,"Y":64,"Z":577,"label":1,"score":1.0,"xcenter":181,"xmax":0.77294921875,"xmin":0.43896484375,"ycenter":110,"ymax":0.5576171875,"ymin":0.178955078125},"faces":[{"X":49,"Y":64,"Z":577,"label":1,"score":1.0,"xcenter":181,"xmax":0.77294921875,"xmin":0.43896484375,"ycenter":110,"ymax":0.5576171875,"ymin":0.178955078125}]}