{"best":{"X":48,"Y":74,"Z":538,"label":1,"score":1.0,"xcenter":183,"xmax":0.79345703125,"xmin":0.42822265625,"ycenter":101,"ymax":0.5263671875,"ymin":0.1514892578125},"faces":[{"X":48,"Y":74,"Z":538,"label":1,"score":1.0,"xcenter":183,"xmax":0.79345703125,"xmin":0.42822265625,"ycenter":101,"ymax":0.5263671875,"ymin":0.1514892578125}]}