{"best":{"X":42,"Y":60,"Z":582,"label":1,"score":1.0,"xcenter":177,"xmax":0.759765625,"xmin":0.429931640625,"ycenter":113,"ymax":0.5615234375,"ymin":0.1949462890625},"faces":[{"X":42,"Y":60,"Z":582,"label":1,"score":1.0,"xcenter":177,"xmax":0.759765625,"xmin":0.429931640625,"ycenter":113,"ymax":0.5615234375,"ymin":0.1949462890625}]}