{"best":{"X":-6,"Y":73,"Z":515,"label":1,"score":1.0,"xcenter":146,"xmax":0.66650390625,"xmin":0.3115234375,"ycenter":99,"ymax":0.52685546875,"ymin":0.1390380859375},"faces":[{"X":-6,"Y":73,"Z":515,"label":1,"score":1.0,"xcenter":146,"xmax":0.66650390625,"xmin":0.3115234375,"ycenter":99,"ymax":0.52685546875,"ymin":0.1390380859375}]}