{"best":{"X":-7,"Y":71,"Z":566,"label":1,"score":1.0,"xcenter":146,"xmax":0.65576171875,"xmin":0.3251953125,"ycenter":105,"ymax":0.5302734375,"ymin":0.170654296875},"faces":[{"X":-7,"Y":71,"Z":566,"label":1,"score":1.0,"xcenter":146,"xmax":0.65576171875,"xmin":0.3251953125,"ycenter":105,"ymax":0.5302734375,"ymin":0.170654296875}]}