{"best":{"X":20,"Y":65,"Z":560,"label":1,"score":1.0,"xcenter":164,"xmax":0.71435546875,"xmin":0.38232421875,"ycenter":108,"ymax":0.5595703125,"ymin":0.168701171875},"faces":[{"X":20,"Y":65,"Z":560,"label":1,"score":1.0,"xcenter":164,"xmax":0.71435546875,"xmin":0.38232421875,"ycenter":108,"ymax":0.5595703125,"ymin":0.168701171875}]}