{"best":{"X":-12,"Y":63,"Z":576,"label":1,"score":1.0,"xcenter":143,"xmax":0.6513671875,"xmin":0.309814453125,"ycenter":111,"ymax":0.560546875,"ymin":0.185546875},"faces":[{"X":-12,"Y":63,"Z":576,"label":1,"score":1.0,"xcenter":143,"xmax":0.6513671875,"xmin":0.309814453125,"ycenter":111,"ymax":0.560546875,"ymin":0.185546875}]}