{"best":{"X":-107,"Y":81,"Z":515,"label":1,"score":1.0,"xcenter":76,"xmax":0.451904296875,"xmin":0.058837890625,"ycenter":94,"ymax":0.52001953125,"ymin":0.1116943359375},"faces":[{"X":-107,"Y":81,"Z":515,"label":1,"score":1.0,"xcenter":76,"xmax":0.451904296875,"xmin":0.058837890625,"ycenter":94,"ymax":0.52001953125,"ymin":0.1116943359375}]}