{"best":{"X":-7,"Y":81,"Z":488,"label":1,"score":1.0,"xcenter":145,"xmax":0.67041015625,"xmin":0.30029296875,"ycenter":90,"ymax":0.5126953125,"ymin":0.09130859375},"faces":[{"X":-7,"Y":81,"Z":488,"label":1,"score":1.0,"xcenter":145,"xmax":0.67041015625,"xmin":0.30029296875,"ycenter":90,"ymax":0.5126953125,"ymin":0.09130859375}]}