{"best":{"X":-116,"Y":71,"Z":579,"label":1,"score":1.0,"xcenter":79,"xmax":0.4375,"xmin":0.09619140625,"ycenter":106,"ymax":0.52197265625,"ymin":0.1910400390625},"faces":[{"X":-116,"Y":71,"Z":579,"label":1,"score":1.0,"xcenter":79,"xmax":0.4375,"xmin":0.09619140625,"ycenter":106,"ymax":0.52197265625,"ymin":0.1910400390625}]}