{"best":{"X":-85,"Y":65,"Z":347,"label":1,"score":0.998046875,"xcenter":63,"xmax":0.42431640625,"xmin":-0.0040283203125,"ycenter":83,"ymax":0.5517578125,"ymin":0.008544921875},"faces":[{"X":-85,"Y":65,"Z":347,"label":1,"score":0.998046875,"xcenter":63,"xmax":0.42431640625,"xmin":-0.0040283203125,"ycenter":83,"ymax":0.5517578125,"ymin":0.008544921875}]}