{"best":{"X":8,"Y":68,"Z":564,"label":1,"score":1.0,"xcenter":156,"xmax":0.68896484375,"xmin":0.35595703125,"ycenter":107,"ymax":0.55322265625,"ymin":0.1650390625},"faces":[{"X":8,"Y":68,"Z":564,"label":1,"score":1.0,"xcenter":156,"xmax":0.68896484375,"xmin":0.35595703125,"ycenter":107,"ymax":0.55322265625,"ymin":0.1650390625}]}