{"best":{"X":-47,"Y":74,"Z":541,"label":1,"score":1.0,"xcenter":119,"xmax":0.580078125,"xmin":0.2178955078125,"ycenter":101,"ymax":0.52783203125,"ymin":0.1529541015625},"faces":[{"X":-47,"Y":74,"Z":541,"label":1,"score":1.0,"xcenter":119,"xmax":0.580078125,"xmin":0.2178955078125,"ycenter":101,"ymax":0.52783203125,"ymin":0.1529541015625}]}