{"best":{"X":-35,"Y":80,"Z":558,"label":1,"score":1.0,"xcenter":128,"xmax":0.6015625,"xmin":0.259521484375,"ycenter":99,"ymax":0.51318359375,"ymin":0.15234375},"faces":[{"X":-35,"Y":80,"Z":558,"label":1,"score":1.0,"xcenter":128,"xmax":0.6015625,"xmin":0.259521484375,"ycenter":99,"ymax":0.51318359375,"ymin":0.15234375}]}