{"best":{"X":-13,"Y":66,"Z":567,"label":1,"score":1.0,"xcenter":142,"xmax":0.64697265625,"xmin":0.30615234375,"ycenter":108,"ymax":0.556640625,"ymin":0.171142578125},"faces":[{"X":-13,"Y":66,"Z":567,"label":1,"score":1.0,"xcenter":142,"xmax":0.64697265625,"xmin":0.30615234375,"ycenter":108,"ymax":0.556640625,"ymin":0.171142578125}]}