{"best":{"X":-15,"Y":70,"Z":566,"label":1,"score":1.0,"xcenter":141,"xmax":0.64599609375,"xmin":0.3017578125,"ycenter":106,"ymax":0.5439453125,"ymin":0.164794921875},"faces":[{"X":-15,"Y":70,"Z":566,"label":1,"score":1.0,"xcenter":141,"xmax":0.64599609375,"xmin":0.3017578125,"ycenter":106,"ymax":0.5439453125,"ymin":0.164794921875}]}