{"best":{"X":8,"Y":67,"Z":576,"label":1,"score":1.0,"xcenter":156,"xmax":0.68994140625,"xmin":0.35986328125,"ycenter":108,"ymax":0.546875,"ymin":0.1756591796875},"faces":[{"X":8,"Y":67,"Z":576,"label":1,"score":1.0,"xcenter":156,"xmax":0.68994140625,"xmin":0.35986328125,"ycenter":108,"ymax":0.546875,"ymin":0.1756591796875}]}