{"best":{"X":-14,"Y":62,"Z":574,"label":1,"score":1.0,"xcenter":142,"xmax":0.64501953125,"xmin":0.30810546875,"ycenter":111,"ymax":0.5615234375,"ymin":0.18115234375},"faces":[{"X":-14,"Y":62,"Z":574,"label":1,"score":1.0,"xcenter":142,"xmax":0.64501953125,"xmin":0.30810546875,"ycenter":111,"ymax":0.5615234375,"ymin":0.18115234375}]}