{"best":{"X":61,"Y":54,"Z":558,"label":1,"score":1.0,"xcenter":190,"xmax":0.806640625,"xmin":0.466552734375,"ycenter":115,"ymax":0.57470703125,"ymin":0.1956787109375},"faces":[{"X":61,"Y":54,"Z":558,"label":1,"score":1.0,"xcenter":190,"xmax":0.806640625,"xmin":0.466552734375,"ycenter":115,"ymax":0.57470703125,"ymin":0.1956787109375}]}