{"best":{"X":74,"Y":55,"Z":597,"label":1,"score":1.0,"xcenter":195,"xmax":0.810546875,"xmin":0.4912109375,"ycenter":117,"ymax":0.568359375,"ymin":0.2154541015625},"faces":[{"X":74,"Y":55,"Z":597,"label":1,"score":1.0,"xcenter":195,"xmax":0.810546875,"xmin":0.4912109375,"ycenter":117,"ymax":0.568359375,"ymin":0.2154541015625}]}