{"best":{"X":55,"Y":72,"Z":421,"label":1,"score":1.0,"xcenter":198,"xmax":0.875,"xmin":0.44921875,"ycenter":89,"ymax":0.53125,"ymin":0.0660400390625},"faces":[{"X":55,"Y":72,"Z":421,"label":1,"score":1.0,"xcenter":198,"xmax":0.875,"xmin":0.44921875,"ycenter":89,"ymax":0.53125,"ymin":0.0660400390625}]}