{"best":{"X":-9,"Y":71,"Z":518,"label":1,"score":1.0,"xcenter":144,"xmax":0.66015625,"xmin":0.303955078125,"ycenter":101,"ymax":0.53173828125,"ymin":0.1470947265625},"faces":[{"X":-9,"Y":71,"Z":518,"label":1,"score":1.0,"xcenter":144,"xmax":0.66015625,"xmin":0.303955078125,"ycenter":101,"ymax":0.53173828125,"ymin":0.1470947265625}]}