{"best":{"X":53,"Y":74,"Z":441,"label":1,"score":1.0,"xcenter":194,"xmax":0.85595703125,"xmin":0.44189453125,"ycenter":90,"ymax":0.52294921875,"ymin":0.0863037109375},"faces":[{"X":53,"Y":74,"Z":441,"label":1,"score":1.0,"xcenter":194,"xmax":0.85595703125,"xmin":0.44189453125,"ycenter":90,"ymax":0.52294921875,"ymin":0.0863037109375}]}