{"best":{"X":8,"Y":54,"Z":586,"label":1,"score":1.0,"xcenter":156,"xmax":0.689453125,"xmin":0.35546875,"ycenter":117,"ymax":0.57666015625,"ymin":0.2113037109375},"faces":[{"X":8,"Y":54,"Z":586,"label":1,"score":1.0,"xcenter":156,"xmax":0.689453125,"xmin":0.35546875,"ycenter":117,"ymax":0.57666015625,"ymin":0.2113037109375}]}