{"best":{"X":-30,"Y":70,"Z":344,"label":1,"score":1.0,"xcenter":119,"xmax":0.66015625,"xmin":0.13916015625,"ycenter":77,"ymax":0.5166015625,"ymin":-0.000732421875},"faces":[{"X":-30,"Y":70,"Z":344,"label":1,"score":1.0,"xcenter":119,"xmax":0.66015625,"xmin":0.13916015625,"ycenter":77,"ymax":0.5166015625,"ymin":-0.000732421875}]}