{"best":{"X":46,"Y":64,"Z":584,"label":1,"score":1.0,"xcenter":179,"xmax":0.7666015625,"xmin":0.434326171875,"ycenter":111,"ymax":0.55224609375,"ymin":0.1915283203125},"faces":[{"X":46,"Y":64,"Z":584,"label":1,"score":1.0,"xcenter":179,"xmax":0.7666015625,"xmin":0.434326171875,"ycenter":111,"ymax":0.55224609375,"ymin":0.1915283203125}]}