{"best":{"X":-71,"Y":79,"Z":398,"label":1,"score":1.0,"xcenter":86,"xmax":0.5244140625,"xmin":0.051513671875,"ycenter":79,"ymax":0.5244140625,"ymin":0.007080078125},"faces":[{"X":-71,"Y":79,"Z":398,"label":1,"score":1.0,"xcenter":86,"xmax":0.5244140625,"xmin":0.051513671875,"ycenter":79,"ymax":0.5244140625,"ymin":0.007080078125}]}