{"best":{"X":70,"Y":64,"Z":360,"label":1,"score":1.0,"xcenter":220,"xmax":1.001953125,"xmin":0.470703125,"ycenter":86,"ymax":0.5673828125,"ymin":0.010009765625},"faces":[{"X":70,"Y":64,"Z":360,"label":1,"score":1.0,"xcenter":220,"xmax":1.001953125,"xmin":0.470703125,"ycenter":86,"ymax":0.5673828125,"ymin":0.010009765625}]}