{"best":{"X":11,"Y":62,"Z":560,"label":1,"score":1.0,"xcenter":158,"xmax":0.7001953125,"xmin":0.357177734375,"ycenter":110,"ymax":0.55859375,"ymin":0.177490234375},"faces":[{"X":11,"Y":62,"Z":560,"label":1,"score":1.0,"xcenter":158,"xmax":0.7001953125,"xmin":0.357177734375,"ycenter":110,"ymax":0.55859375,"ymin":0.177490234375}]}