{"best":{"X":11,"Y":66,"Z":565,"label":1,"score":1.0,"xcenter":158,"xmax":0.697265625,"xmin":0.360595703125,"ycenter":108,"ymax":0.5625,"ymin":0.164306640625},"faces":[{"X":11,"Y":66,"Z":565,"label":1,"score":1.0,"xcenter":158,"xmax":0.697265625,"xmin":0.360595703125,"ycenter":108,"ymax":0.5625,"ymin":0.164306640625}]}