{"best":{"X":8,"Y":60,"Z":581,"label":1,"score":1.0,"xcenter":156,"xmax":0.69189453125,"xmin":0.35205078125,"ycenter":113,"ymax":0.5693359375,"ymin":0.1917724609375},"faces":[{"X":8,"Y":60,"Z":581,"label":1,"score":1.0,"xcenter":156,"xmax":0.69189453125,"xmin":0.35205078125,"ycenter":113,"ymax":0.5693359375,"ymin":0.1917724609375}]}