{"best":{"X":-120,"Y":64,"Z":576,"label":1,"score":1.0,"xcenter":76,"xmax":0.4345703125,"xmin":0.0733642578125,"ycenter":110,"ymax":0.54052734375,"ymin":0.193359375},"faces":[{"X":-120,"Y":64,"Z":576,"label":1,"score":1.0,"xcenter":76,"xmax":0.4345703125,"xmin":0.0733642578125,"ycenter":110,"ymax":0.54052734375,"ymin":0.193359375}]}