{"best":{"X":19,"Y":66,"Z":544,"label":1,"score":1.0,"xcenter":163,"xmax":0.72265625,"xmin":0.370361328125,"ycenter":107,"ymax":0.55078125,"ymin":0.1689453125},"faces":[{"X":19,"Y":66,"Z":544,"label":1,"score":1.0,"xcenter":163,"xmax":0.72265625,"xmin":0.370361328125,"ycenter":107,"ymax":0.55078125,"ymin":0.1689453125}]}