{"best":{"X":-24,"Y":80,"Z":559,"label":1,"score":1.0,"xcenter":135,"xmax":0.625,"xmin":0.28271484375,"ycenter":99,"ymax":0.513671875,"ymin":0.1527099609375},"faces":[{"X":-24,"Y":80,"Z":559,"label":1,"score":1.0,"xcenter":135,"xmax":0.625,"xmin":0.28271484375,"ycenter":99,"ymax":0.513671875,"ymin":0.1527099609375}]}