{"best":{"X":-2,"Y":71,"Z":568,"label":1,"score":1.0,"xcenter":149,"xmax":0.6630859375,"xmin":0.333740234375,"ycenter":105,"ymax":0.5380859375,"ymin":0.1695556640625},"faces":[{"X":-2,"Y":71,"Z":568,"label":1,"score":1.0,"xcenter":149,"xmax":0.6630859375,"xmin":0.333740234375,"ycenter":105,"ymax":0.5380859375,"ymin":0.1695556640625}]}