{"best":{"X":-96,"Y":78,"Z":403,"label":1,"score":1.0,"xcenter":65,"xmax":0.4365234375,"xmin":-0.0030517578125,"ycenter":80,"ymax":0.529296875,"ymin":0.00830078125},"faces":[{"X":-96,"Y":78,"Z":403,"label":1,"score":1.0,"xcenter":65,"xmax":0.4365234375,"xmin":-0.0030517578125,"ycenter":80,"ymax":0.529296875,"ymin":0.00830078125}]}