{"best":{"X":7,"Y":67,"Z":569,"label":1,"score":1.0,"xcenter":155,"xmax":0.6845703125,"xmin":0.354736328125,"ycenter":108,"ymax":0.5498046875,"ymin":0.177001953125},"faces":[{"X":7,"Y":67,"Z":569,"label":1,"score":1.0,"xcenter":155,"xmax":0.6845703125,"xmin":0.354736328125,"ycenter":108,"ymax":0.5498046875,"ymin":0.177001953125}]}