{"best":{"X":-8,"Y":69,"Z":564,"label":1,"score":1.0,"xcenter":145,"xmax":0.65478515625,"xmin":0.31640625,"ycenter":106,"ymax":0.54052734375,"ymin":0.1669921875},"faces":[{"X":-8,"Y":69,"Z":564,"label":1,"score":1.0,"xcenter":145,"xmax":0.65478515625,"xmin":0.31640625,"ycenter":106,"ymax":0.54052734375,"ymin":0.1669921875}]}