{"best":{"X":-15,"Y":68,"Z":565,"label":1,"score":1.0,"xcenter":141,"xmax":0.64404296875,"xmin":0.29833984375,"ycenter":107,"ymax":0.552734375,"ymin":0.16455078125},"faces":[{"X":-15,"Y":68,"Z":565,"label":1,"score":1.0,"xcenter":141,"xmax":0.64404296875,"xmin":0.29833984375,"ycenter":107,"ymax":0.552734375,"ymin":0.16455078125}]}