{"best":{"X":28,"Y":64,"Z":580,"label":1,"score":1.0,"xcenter":168,"xmax":0.7353515625,"xmin":0.390869140625,"ycenter":110,"ymax":0.55419921875,"ymin":0.1854248046875},"faces":[{"X":28,"Y":64,"Z":580,"label":1,"score":1.0,"xcenter":168,"xmax":0.7353515625,"xmin":0.390869140625,"ycenter":110,"ymax":0.55419921875,"ymin":0.1854248046875}]}