{"best":{"X":66,"Y":72,"Z":376,"label":1,"score":1.0,"xcenter":214,"xmax":0.958984375,"xmin":0.471923828125,"ycenter":81,"ymax":0.5458984375,"ymin":0.002685546875},"faces":[{"X":66,"Y":72,"Z":376,"label":1,"score":1.0,"xcenter":214,"xmax":0.958984375,"xmin":0.471923828125,"ycenter":81,"ymax":0.5458984375,"ymin":0.002685546875}]}