{"best":{"X":0,"Y":71,"Z":527,"label":1,"score":1.0,"xcenter":150,"xmax":0.6796875,"xmin":0.32421875,"ycenter":102,"ymax":0.53173828125,"ymin":0.1527099609375},"faces":[{"X":0,"Y":71,"Z":527,"label":1,"score":1.0,"xcenter":150,"xmax":0.6796875,"xmin":0.32421875,"ycenter":102,"ymax":0.53173828125,"ymin":0.1527099609375}]}