{"best":{"X":-29,"Y":71,"Z":568,"label":1,"score":1.0,"xcenter":132,"xmax":0.607421875,"xmin":0.27392578125,"ycenter":105,"ymax":0.53369140625,"ymin":0.1724853515625},"faces":[{"X":-29,"Y":71,"Z":568,"label":1,"score":1.0,"xcenter":132,"xmax":0.607421875,"xmin":0.27392578125,"ycenter":105,"ymax":0.53369140625,"ymin":0.1724853515625}]}