{"best":{"X":-32,"Y":81,"Z":496,"label":1,"score":1.0,"xcenter":127,"xmax":0.60986328125,"xmin":0.2412109375,"ycenter":92,"ymax":0.5107421875,"ymin":0.10791015625},"faces":[{"X":-32,"Y":81,"Z":496,"label":1,"score":1.0,"xcenter":127,"xmax":0.60986328125,"xmin":0.2412109375,"ycenter":92,"ymax":0.5107421875,"ymin":0.10791015625}]}