{"best":{"X":6,"Y":66,"Z":534,"label":1,"score":1.0,"xcenter":155,"xmax":0.69970703125,"xmin":0.34326171875,"ycenter":106,"ymax":0.5478515625,"ymin":0.161376953125},"faces":[{"X":6,"Y":66,"Z":534,"label":1,"score":1.0,"xcenter":155,"xmax":0.69970703125,"xmin":0.34326171875,"ycenter":106,"ymax":0.5478515625,"ymin":0.161376953125}]}