{"best":{"X":62,"Y":57,"Z":596,"label":1,"score":1.0,"xcenter":188,"xmax":0.79443359375,"xmin":0.46435546875,"ycenter":116,"ymax":0.5693359375,"ymin":0.2088623046875},"faces":[{"X":62,"Y":57,"Z":596,"label":1,"score":1.0,"xcenter":188,"xmax":0.79443359375,"xmin":0.46435546875,"ycenter":116,"ymax":0.5693359375,"ymin":0.2088623046875}]}