{"best":{"X":-31,"Y":69,"Z":346,"label":1,"score":1.0,"xcenter":118,"xmax":0.677734375,"xmin":0.115478515625,"ycenter":78,"ymax":0.525390625,"ymin":0.0009765625},"faces":[{"X":-31,"Y":69,"Z":346,"label":1,"score":1.0,"xcenter":118,"xmax":0.677734375,"xmin":0.115478515625,"ycenter":78,"ymax":0.525390625,"ymin":0.0009765625}]}