{"best":{"X":-16,"Y":69,"Z":565,"label":1,"score":1.0,"xcenter":140,"xmax":0.6416015625,"xmin":0.296875,"ycenter":106,"ymax":0.5478515625,"ymin":0.1663818359375},"faces":[{"X":-16,"Y":69,"Z":565,"label":1,"score":1.0,"xcenter":140,"xmax":0.6416015625,"xmin":0.296875,"ycenter":106,"ymax":0.5478515625,"ymin":0.1663818359375}]}