{"best":{"X":-53,"Y":80,"Z":455,"label":1,"score":1.0,"xcenter":109,"xmax":0.56005859375,"xmin":0.1700439453125,"ycenter":87,"ymax":0.5107421875,"ymin":0.072509765625},"faces":[{"X":-53,"Y":80,"Z":455,"label":1,"score":1.0,"xcenter":109,"xmax":0.56005859375,"xmin":0.1700439453125,"ycenter":87,"ymax":0.5107421875,"ymin":0.072509765625}]}