{"best":{"X":7,"Y":66,"Z":550,"label":1,"score":1.0,"xcenter":155,"xmax":0.69580078125,"xmin":0.34521484375,"ycenter":107,"ymax":0.54443359375,"ymin":0.1700439453125},"faces":[{"X":7,"Y":66,"Z":550,"label":1,"score":1.0,"xcenter":155,"xmax":0.69580078125,"xmin":0.34521484375,"ycenter":107,"ymax":0.54443359375,"ymin":0.1700439453125}]}