{"best":{"X":-4,"Y":71,"Z":579,"label":1,"score":1.0,"xcenter":148,"xmax":0.65673828125,"xmin":0.33349609375,"ycenter":106,"ymax":0.5390625,"ymin":0.1705322265625},"faces":[{"X":-4,"Y":71,"Z":579,"label":1,"score":1.0,"xcenter":148,"xmax":0.65673828125,"xmin":0.33349609375,"ycenter":106,"ymax":0.5390625,"ymin":0.1705322265625}]}