{"best":{"X":-13,"Y":70,"Z":570,"label":1,"score":1.0,"xcenter":142,"xmax":0.646484375,"xmin":0.307373046875,"ycenter":106,"ymax":0.54248046875,"ymin":0.1683349609375},"faces":[{"X":-13,"Y":70,"Z":570,"label":1,"score":1.0,"xcenter":142,"xmax":0.646484375,"xmin":0.307373046875,"ycenter":106,"ymax":0.54248046875,"ymin":0.1683349609375}]}