{"best":{"X":-44,"Y":72,"Z":557,"label":1,"score":1.0,"xcenter":122,"xmax":0.587890625,"xmin":0.2314453125,"ycenter":104,"ymax":0.53369140625,"ymin":0.1651611328125},"faces":[{"X":-44,"Y":72,"Z":557,"label":1,"score":1.0,"xcenter":122,"xmax":0.587890625,"xmin":0.2314453125,"ycenter":104,"ymax":0.53369140625,"ymin":0.1651611328125}]}