{"best":{"X":-21,"Y":73,"Z":565,"label":1,"score":1.0,"xcenter":137,"xmax":0.63134765625,"xmin":0.2880859375,"ycenter":104,"ymax":0.52978515625,"ymin":0.1689453125},"faces":[{"X":-21,"Y":73,"Z":565,"label":1,"score":1.0,"xcenter":137,"xmax":0.63134765625,"xmin":0.2880859375,"ycenter":104,"ymax":0.52978515625,"ymin":0.1689453125}]}