{"best":{"X":0,"Y":56,"Z":644,"label":1,"score":1.0,"xcenter":150,"xmax":0.6533203125,"xmin":0.353515625,"ycenter":119,"ymax":0.5537109375,"ymin":0.2442626953125},"faces":[{"X":0,"Y":56,"Z":644,"label":1,"score":1.0,"xcenter":150,"xmax":0.6533203125,"xmin":0.353515625,"ycenter":119,"ymax":0.5537109375,"ymin":0.2442626953125}]}