{"best":{"X":-15,"Y":85,"Z":437,"label":1,"score":1.0,"xcenter":138,"xmax":0.66015625,"xmin":0.26318359375,"ycenter":80,"ymax":0.4951171875,"ymin":0.0428466796875},"faces":[{"X":-15,"Y":85,"Z":437,"label":1,"score":1.0,"xcenter":138,"xmax":0.66015625,"xmin":0.26318359375,"ycenter":80,"ymax":0.4951171875,"ymin":0.0428466796875}]}