{"best":{"X":71,"Y":58,"Z":349,"label":1,"score":1.0,"xcenter":224,"xmax":0.9951171875,"xmin":0.5009765625,"ycenter":90,"ymax":0.603515625,"ymin":-0.000244140625},"faces":[{"X":71,"Y":58,"Z":349,"label":1,"score":1.0,"xcenter":224,"xmax":0.9951171875,"xmin":0.5009765625,"ycenter":90,"ymax":0.603515625,"ymin":-0.000244140625}]}