{"best":{"X":-109,"Y":73,"Z":570,"label":1,"score":1.0,"xcenter":82,"xmax":0.4482421875,"xmin":0.1038818359375,"ycenter":104,"ymax":0.52490234375,"ymin":0.1732177734375},"faces":[{"X":-109,"Y":73,"Z":570,"label":1,"score":1.0,"xcenter":82,"xmax":0.4482421875,"xmin":0.1038818359375,"ycenter":104,"ymax":0.52490234375,"ymin":0.1732177734375}]}