{"best":{"X":22,"Y":70,"Z":559,"label":1,"score":1.0,"xcenter":165,"xmax":0.7197265625,"xmin":0.38671875,"ycenter":105,"ymax":0.5361328125,"ymin":0.1697998046875},"faces":[{"X":22,"Y":70,"Z":559,"label":1,"score":1.0,"xcenter":165,"xmax":0.7197265625,"xmin":0.38671875,"ycenter":105,"ymax":0.5361328125,"ymin":0.1697998046875}]}