{"best":{"X":-76,"Y":77,"Z":563,"label":1,"score":1.0,"xcenter":102,"xmax":0.517578125,"xmin":0.1695556640625,"ycenter":101,"ymax":0.51611328125,"ymin":0.1636962890625},"faces":[{"X":-76,"Y":77,"Z":563,"label":1,"score":1.0,"xcenter":102,"xmax":0.517578125,"xmin":0.1695556640625,"ycenter":101,"ymax":0.51611328125,"ymin":0.1636962890625}]}