{"best":{"X":4,"Y":70,"Z":572,"label":1,"score":1.0,"xcenter":153,"xmax":0.6806640625,"xmin":0.345703125,"ycenter":106,"ymax":0.5439453125,"ymin":0.166748046875},"faces":[{"X":4,"Y":70,"Z":572,"label":1,"score":1.0,"xcenter":153,"xmax":0.6806640625,"xmin":0.345703125,"ycenter":106,"ymax":0.5439453125,"ymin":0.166748046875}]}