{"best":{"X":-96,"Y":78,"Z":541,"label":1,"score":1.0,"xcenter":87,"xmax":0.46923828125,"xmin":0.1162109375,"ycenter":98,"ymax":0.51416015625,"ymin":0.1451416015625},"faces":[{"X":-96,"Y":78,"Z":541,"label":1,"score":1.0,"xcenter":87,"xmax":0.46923828125,"xmin":0.1162109375,"ycenter":98,"ymax":0.51416015625,"ymin":0.1451416015625}]}