{"best":{"X":53,"Y":62,"Z":583,"label":1,"score":1.0,"xcenter":183,"xmax":0.77880859375,"xmin":0.44384765625,"ycenter":112,"ymax":0.5546875,"ymin":0.1939697265625},"faces":[{"X":53,"Y":62,"Z":583,"label":1,"score":1.0,"xcenter":183,"xmax":0.77880859375,"xmin":0.44384765625,"ycenter":112,"ymax":0.5546875,"ymin":0.1939697265625}]}