{"best":{"X":-7,"Y":74,"Z":578,"label":1,"score":1.0,"xcenter":146,"xmax":0.65283203125,"xmin":0.3271484375,"ycenter":104,"ymax":0.53271484375,"ymin":0.169921875},"faces":[{"X":-7,"Y":74,"Z":578,"label":1,"score":1.0,"xcenter":146,"xmax":0.65283203125,"xmin":0.3271484375,"ycenter":104,"ymax":0.53271484375,"ymin":0.169921875}]}