{"best":{"X":-5,"Y":73,"Z":566,"label":1,"score":1.0,"xcenter":147,"xmax":0.658203125,"xmin":0.326904296875,"ycenter":104,"ymax":0.533203125,"ymin":0.1693115234375},"faces":[{"X":-5,"Y":73,"Z":566,"label":1,"score":1.0,"xcenter":147,"xmax":0.658203125,"xmin":0.326904296875,"ycenter":104,"ymax":0.533203125,"ymin":0.1693115234375}]}