{"best":{"X":19,"Y":68,"Z":568,"label":1,"score":1.0,"xcenter":163,"xmax":0.71435546875,"xmin":0.37451171875,"ycenter":107,"ymax":0.5498046875,"ymin":0.168701171875},"faces":[{"X":19,"Y":68,"Z":568,"label":1,"score":1.0,"xcenter":163,"xmax":0.71435546875,"xmin":0.37451171875,"ycenter":107,"ymax":0.5498046875,"ymin":0.168701171875}]}