{"best":{"X":5,"Y":68,"Z":563,"label":1,"score":1.0,"xcenter":154,"xmax":0.68408203125,"xmin":0.34716796875,"ycenter":107,"ymax":0.55517578125,"ymin":0.1666259765625},"faces":[{"X":5,"Y":68,"Z":563,"label":1,"score":1.0,"xcenter":154,"xmax":0.68408203125,"xmin":0.34716796875,"ycenter":107,"ymax":0.55517578125,"ymin":0.1666259765625}]}