{"best":{"X":-2,"Y":77,"Z":504,"label":1,"score":1.0,"xcenter":149,"xmax":0.677734375,"xmin":0.31787109375,"ycenter":95,"ymax":0.513671875,"ymin":0.125},"faces":[{"X":-2,"Y":77,"Z":504,"label":1,"score":1.0,"xcenter":149,"xmax":0.677734375,"xmin":0.31787109375,"ycenter":95,"ymax":0.513671875,"ymin":0.125}]}