{"best":{"X":-5,"Y":71,"Z":554,"label":1,"score":1.0,"xcenter":147,"xmax":0.65625,"xmin":0.329345703125,"ycenter":104,"ymax":0.53466796875,"ymin":0.16552734375},"faces":[{"X":-5,"Y":71,"Z":554,"label":1,"score":1.0,"xcenter":147,"xmax":0.65625,"xmin":0.329345703125,"ycenter":104,"ymax":0.53466796875,"ymin":0.16552734375}]}