{"best":{"X":-18,"Y":69,"Z":564,"label":1,"score":1.0,"xcenter":139,"xmax":0.6396484375,"xmin":0.292724609375,"ycenter":106,"ymax":0.54248046875,"ymin":0.1668701171875},"faces":[{"X":-18,"Y":69,"Z":564,"label":1,"score":1.0,"xcenter":139,"xmax":0.6396484375,"xmin":0.292724609375,"ycenter":106,"ymax":0.54248046875,"ymin":0.1668701171875}]}