{"best":{"X":-4,"Y":70,"Z":577,"label":1,"score":1.0,"xcenter":148,"xmax":0.65771484375,"xmin":0.33544921875,"ycenter":107,"ymax":0.54541015625,"ymin":0.1719970703125},"faces":[{"X":-4,"Y":70,"Z":577,"label":1,"score":1.0,"xcenter":148,"xmax":0.65771484375,"xmin":0.33544921875,"ycenter":107,"ymax":0.54541015625,"ymin":0.1719970703125}]}