{"best":{"X":12,"Y":76,"Z":577,"label":1,"score":1.0,"xcenter":158,"xmax":0.69677734375,"xmin":0.36279296875,"ycenter":103,"ymax":0.52294921875,"ymin":0.1715087890625},"faces":[{"X":12,"Y":76,"Z":577,"label":1,"score":1.0,"xcenter":158,"xmax":0.69677734375,"xmin":0.36279296875,"ycenter":103,"ymax":0.52294921875,"ymin":0.1715087890625}]}