{"best":{"X":-27,"Y":71,"Z":565,"label":1,"score":1.0,"xcenter":133,"xmax":0.61474609375,"xmin":0.27978515625,"ycenter":105,"ymax":0.53466796875,"ymin":0.16845703125},"faces":[{"X":-27,"Y":71,"Z":565,"label":1,"score":1.0,"xcenter":133,"xmax":0.61474609375,"xmin":0.27978515625,"ycenter":105,"ymax":0.53466796875,"ymin":0.16845703125}]}