{"best":{"X":39,"Y":70,"Z":572,"label":1,"score":1.0,"xcenter":175,"xmax":0.75732421875,"xmin":0.41259765625,"ycenter":106,"ymax":0.5478515625,"ymin":0.16650390625},"faces":[{"X":39,"Y":70,"Z":572,"label":1,"score":1.0,"xcenter":175,"xmax":0.75732421875,"xmin":0.41259765625,"ycenter":106,"ymax":0.5478515625,"ymin":0.16650390625}]}