{"best":{"X":7,"Y":68,"Z":566,"label":1,"score":1.0,"xcenter":155,"xmax":0.69384765625,"xmin":0.34521484375,"ycenter":107,"ymax":0.5537109375,"ymin":0.164306640625},"faces":[{"X":7,"Y":68,"Z":566,"label":1,"score":1.0,"xcenter":155,"xmax":0.69384765625,"xmin":0.34521484375,"ycenter":107,"ymax":0.5537109375,"ymin":0.164306640625}]}