{"best":{"X":-7,"Y":72,"Z":549,"label":1,"score":1.0,"xcenter":146,"xmax":0.6572265625,"xmin":0.3212890625,"ycenter":103,"ymax":0.529296875,"ymin":0.1654052734375},"faces":[{"X":-7,"Y":72,"Z":549,"label":1,"score":1.0,"xcenter":146,"xmax":0.6572265625,"xmin":0.3212890625,"ycenter":103,"ymax":0.529296875,"ymin":0.1654052734375}]}