{"best":{"X":-2,"Y":70,"Z":579,"label":1,"score":1.0,"xcenter":149,"xmax":0.6611328125,"xmin":0.3369140625,"ycenter":107,"ymax":0.55078125,"ymin":0.16943359375},"faces":[{"X":-2,"Y":70,"Z":579,"label":1,"score":1.0,"xcenter":149,"xmax":0.6611328125,"xmin":0.3369140625,"ycenter":107,"ymax":0.55078125,"ymin":0.16943359375}]}