{"best":{"X":-7,"Y":70,"Z":571,"label":1,"score":1.0,"xcenter":146,"xmax":0.6552734375,"xmin":0.324462890625,"ycenter":106,"ymax":0.5390625,"ymin":0.172119140625},"faces":[{"X":-7,"Y":70,"Z":571,"label":1,"score":1.0,"xcenter":146,"xmax":0.6552734375,"xmin":0.324462890625,"ycenter":106,"ymax":0.5390625,"ymin":0.172119140625}]}