{"best":{"X":-52,"Y":82,"Z":474,"label":1,"score":1.0,"xcenter":111,"xmax":0.576171875,"xmin":0.16845703125,"ycenter":88,"ymax":0.52001953125,"ymin":0.06884765625},"faces":[{"X":-52,"Y":82,"Z":474,"label":1,"score":1.0,"xcenter":111,"xmax":0.576171875,"xmin":0.16845703125,"ycenter":88,"ymax":0.52001953125,"ymin":0.06884765625}]}