{"best":{"X":52,"Y":70,"Z":432,"label":1,"score":1.0,"xcenter":194,"xmax":0.8583984375,"xmin":0.4423828125,"ycenter":92,"ymax":0.54150390625,"ymin":0.0748291015625},"faces":[{"X":52,"Y":70,"Z":432,"label":1,"score":1.0,"xcenter":194,"xmax":0.8583984375,"xmin":0.4423828125,"ycenter":92,"ymax":0.54150390625,"ymin":0.0748291015625}]}