{"best":{"X":0,"Y":52,"Z":646,"label":1,"score":1.0,"xcenter":151,"xmax":0.654296875,"xmin":0.357177734375,"ycenter":121,"ymax":0.56005859375,"ymin":0.24853515625},"faces":[{"X":0,"Y":52,"Z":646,"label":1,"score":1.0,"xcenter":151,"xmax":0.654296875,"xmin":0.357177734375,"ycenter":121,"ymax":0.56005859375,"ymin":0.24853515625}]}