{"best":{"X":62,"Y":69,"Z":540,"label":1,"score":1.0,"xcenter":192,"xmax":0.81884765625,"xmin":0.46435546875,"ycenter":104,"ymax":0.53662109375,"ymin":0.1632080078125},"faces":[{"X":62,"Y":69,"Z":540,"label":1,"score":1.0,"xcenter":192,"xmax":0.81884765625,"xmin":0.46435546875,"ycenter":104,"ymax":0.53662109375,"ymin":0.1632080078125}]}