{"best":{"X":-16,"Y":63,"Z":566,"label":1,"score":1.0,"xcenter":140,"xmax":0.650390625,"xmin":0.286865234375,"ycenter":110,"ymax":0.5615234375,"ymin":0.1796875},"faces":[{"X":-16,"Y":63,"Z":566,"label":1,"score":1.0,"xcenter":140,"xmax":0.650390625,"xmin":0.286865234375,"ycenter":110,"ymax":0.5615234375,"ymin":0.1796875}]}