{"best":{"X":-31,"Y":75,"Z":575,"label":1,"score":1.0,"xcenter":131,"xmax":0.6083984375,"xmin":0.271240234375,"ycenter":103,"ymax":0.51953125,"ymin":0.1734619140625},"faces":[{"X":-31,"Y":75,"Z":575,"label":1,"score":1.0,"xcenter":131,"xmax":0.6083984375,"xmin":0.271240234375,"ycenter":103,"ymax":0.51953125,"ymin":0.1734619140625}]}