{"best":{"X":2,"Y":52,"Z":664,"label":1,"score":1.0,"xcenter":152,"xmax":0.6552734375,"xmin":0.365478515625,"ycenter":122,"ymax":0.56640625,"ymin":0.25244140625},"faces":[{"X":2,"Y":52,"Z":664,"label":1,"score":1.0,"xcenter":152,"xmax":0.6552734375,"xmin":0.365478515625,"ycenter":122,"ymax":0.56640625,"ymin":0.25244140625}]}