{"best":{"X":22,"Y":66,"Z":563,"label":1,"score":1.0,"xcenter":165,"xmax":0.7197265625,"xmin":0.3896484375,"ycenter":108,"ymax":0.55078125,"ymin":0.174072265625},"faces":[{"X":22,"Y":66,"Z":563,"label":1,"score":1.0,"xcenter":165,"xmax":0.7197265625,"xmin":0.3896484375,"ycenter":108,"ymax":0.55078125,"ymin":0.174072265625}]}