{"best":{"X":-5,"Y":71,"Z":566,"label":1,"score":1.0,"xcenter":147,"xmax":0.658203125,"xmin":0.32958984375,"ycenter":105,"ymax":0.5390625,"ymin":0.1661376953125},"faces":[{"X":-5,"Y":71,"Z":566,"label":1,"score":1.0,"xcenter":147,"xmax":0.658203125,"xmin":0.32958984375,"ycenter":105,"ymax":0.5390625,"ymin":0.1661376953125}]}