{"best":{"X":-2,"Y":58,"Z":625,"label":1,"score":0.998046875,"xcenter":149,"xmax":0.65234375,"xmin":0.347900390625,"ycenter":117,"ymax":0.5556640625,"ymin":0.229248046875},"faces":[{"X":-2,"Y":58,"Z":625,"label":1,"score":0.998046875,"xcenter":149,"xmax":0.65234375,"xmin":0.347900390625,"ycenter":117,"ymax":0.5556640625,"ymin":0.229248046875}]}