{"best":{"X":-18,"Y":77,"Z":561,"label":1,"score":1.0,"xcenter":139,"xmax":0.6416015625,"xmin":0.29296875,"ycenter":101,"ymax":0.5263671875,"ymin":0.15087890625},"faces":[{"X":-18,"Y":77,"Z":561,"label":1,"score":1.0,"xcenter":139,"xmax":0.6416015625,"xmin":0.29296875,"ycenter":101,"ymax":0.5263671875,"ymin":0.15087890625}]}