{"best":{"X":-12,"Y":65,"Z":600,"label":1,"score":1.0,"xcenter":143,"xmax":0.6474609375,"xmin":0.3125,"ycenter":111,"ymax":0.560546875,"ymin":0.183349609375},"faces":[{"X":-12,"Y":65,"Z":600,"label":1,"score":1.0,"xcenter":143,"xmax":0.6474609375,"xmin":0.3125,"ycenter":111,"ymax":0.560546875,"ymin":0.183349609375}]}