{"best":{"X":-18,"Y":73,"Z":565,"label":1,"score":1.0,"xcenter":139,"xmax":0.63720703125,"xmin":0.29296875,"ycenter":104,"ymax":0.52734375,"ymin":0.1685791015625},"faces":[{"X":-18,"Y":73,"Z":565,"label":1,"score":1.0,"xcenter":139,"xmax":0.63720703125,"xmin":0.29296875,"ycenter":104,"ymax":0.52734375,"ymin":0.1685791015625}]}