{"best":{"X":5,"Y":64,"Z":604,"label":1,"score":1.0,"xcenter":154,"xmax":0.6845703125,"xmin":0.3486328125,"ycenter":112,"ymax":0.544921875,"ymin":0.2061767578125},"faces":[{"X":5,"Y":64,"Z":604,"label":1,"score":1.0,"xcenter":154,"xmax":0.6845703125,"xmin":0.3486328125,"ycenter":112,"ymax":0.544921875,"ymin":0.2061767578125}]}