{"best":{"X":-84,"Y":71,"Z":582,"label":1,"score":1.0,"xcenter":99,"xmax":0.50244140625,"xmin":0.16357421875,"ycenter":106,"ymax":0.5146484375,"ymin":0.194091796875},"faces":[{"X":-84,"Y":71,"Z":582,"label":1,"score":1.0,"xcenter":99,"xmax":0.50244140625,"xmin":0.16357421875,"ycenter":106,"ymax":0.5146484375,"ymin":0.194091796875}]}