{"best":{"X":-43,"Y":78,"Z":496,"label":1,"score":1.0,"xcenter":119,"xmax":0.5888671875,"xmin":0.2100830078125,"ycenter":94,"ymax":0.52880859375,"ymin":0.1005859375},"faces":[{"X":-43,"Y":78,"Z":496,"label":1,"score":1.0,"xcenter":119,"xmax":0.5888671875,"xmin":0.2100830078125,"ycenter":94,"ymax":0.52880859375,"ymin":0.1005859375}]}