{"best":{"X":55,"Y":64,"Z":578,"label":1,"score":1.0,"xcenter":185,"xmax":0.7861328125,"xmin":0.452392578125,"ycenter":110,"ymax":0.55712890625,"ymin":0.1822509765625},"faces":[{"X":55,"Y":64,"Z":578,"label":1,"score":1.0,"xcenter":185,"xmax":0.7861328125,"xmin":0.452392578125,"ycenter":110,"ymax":0.55712890625,"ymin":0.1822509765625}]}