{"best":{"X":52,"Y":63,"Z":579,"label":1,"score":1.0,"xcenter":183,"xmax":0.78076171875,"xmin":0.44384765625,"ycenter":111,"ymax":0.5546875,"ymin":0.1900634765625},"faces":[{"X":52,"Y":63,"Z":579,"label":1,"score":1.0,"xcenter":183,"xmax":0.78076171875,"xmin":0.44384765625,"ycenter":111,"ymax":0.5546875,"ymin":0.1900634765625}]}