{"best":{"X":-134,"Y":60,"Z":599,"label":1,"score":1.0,"xcenter":70,"xmax":0.40625,"xmin":0.0633544921875,"ycenter":114,"ymax":0.55224609375,"ymin":0.2108154296875},"faces":[{"X":-134,"Y":60,"Z":599,"label":1,"score":1.0,"xcenter":70,"xmax":0.40625,"xmin":0.0633544921875,"ycenter":114,"ymax":0.55224609375,"ymin":0.2108154296875}]}