{"best":{"X":-7,"Y":73,"Z":565,"label":1,"score":1.0,"xcenter":146,"xmax":0.6552734375,"xmin":0.323974609375,"ycenter":104,"ymax":0.53125,"ymin":0.1689453125},"faces":[{"X":-7,"Y":73,"Z":565,"label":1,"score":1.0,"xcenter":146,"xmax":0.6552734375,"xmin":0.323974609375,"ycenter":104,"ymax":0.53125,"ymin":0.1689453125}]}