{"best":{"X":-58,"Y":78,"Z":571,"label":1,"score":1.0,"xcenter":114,"xmax":0.55126953125,"xmin":0.2113037109375,"ycenter":101,"ymax":0.5048828125,"ymin":0.176513671875},"faces":[{"X":-58,"Y":78,"Z":571,"label":1,"score":1.0,"xcenter":114,"xmax":0.55126953125,"xmin":0.2113037109375,"ycenter":101,"ymax":0.5048828125,"ymin":0.176513671875}]}