{"best":{"X":-4,"Y":58,"Z":600,"label":1,"score":1.0,"xcenter":148,"xmax":0.65576171875,"xmin":0.33544921875,"ycenter":115,"ymax":0.5615234375,"ymin":0.2117919921875},"faces":[{"X":-4,"Y":58,"Z":600,"label":1,"score":1.0,"xcenter":148,"xmax":0.65576171875,"xmin":0.33544921875,"ycenter":115,"ymax":0.5615234375,"ymin":0.2117919921875}]}