{"best":{"X":3,"Y":75,"Z":527,"label":1,"score":1.0,"xcenter":153,"xmax":0.6845703125,"xmin":0.337158203125,"ycenter":99,"ymax":0.51708984375,"ymin":0.1448974609375},"faces":[{"X":3,"Y":75,"Z":527,"label":1,"score":1.0,"xcenter":153,"xmax":0.6845703125,"xmin":0.337158203125,"ycenter":99,"ymax":0.51708984375,"ymin":0.1448974609375}]}