{"best":{"X":-98,"Y":85,"Z":427,"label":1,"score":1.0,"xcenter":68,"xmax":0.45068359375,"xmin":0.0057373046875,"ycenter":79,"ymax":0.5263671875,"ymin":0.006103515625},"faces":[{"X":-98,"Y":85,"Z":427,"label":1,"score":1.0,"xcenter":68,"xmax":0.45068359375,"xmin":0.0057373046875,"ycenter":79,"ymax":0.5263671875,"ymin":0.006103515625}]}