{"best":{"X":-13,"Y":77,"Z":492,"label":1,"score":1.0,"xcenter":141,"xmax":0.66015625,"xmin":0.283935546875,"ycenter":94,"ymax":0.5263671875,"ymin":0.1044921875},"faces":[{"X":-13,"Y":77,"Z":492,"label":1,"score":1.0,"xcenter":141,"xmax":0.66015625,"xmin":0.283935546875,"ycenter":94,"ymax":0.5263671875,"ymin":0.1044921875}]}