{"best":{"X":45,"Y":59,"Z":572,"label":1,"score":1.0,"xcenter":179,"xmax":0.765625,"xmin":0.4306640625,"ycenter":113,"ymax":0.56591796875,"ymin":0.1964111328125},"faces":[{"X":45,"Y":59,"Z":572,"label":1,"score":1.0,"xcenter":179,"xmax":0.765625,"xmin":0.4306640625,"ycenter":113,"ymax":0.56591796875,"ymin":0.1964111328125}]}