{"best":{"X":-21,"Y":64,"Z":602,"label":1,"score":1.0,"xcenter":138,"xmax":0.6318359375,"xmin":0.29296875,"ycenter":112,"ymax":0.5419921875,"ymin":0.211181640625},"faces":[{"X":-21,"Y":64,"Z":602,"label":1,"score":1.0,"xcenter":138,"xmax":0.6318359375,"xmin":0.29296875,"ycenter":112,"ymax":0.5419921875,"ymin":0.211181640625}]}