{"best":{"X":46,"Y":70,"Z":470,"label":1,"score":1.0,"xcenter":186,"xmax":0.81787109375,"xmin":0.42919921875,"ycenter":97,"ymax":0.52587890625,"ymin":0.1290283203125},"faces":[{"X":46,"Y":70,"Z":470,"label":1,"score":1.0,"xcenter":186,"xmax":0.81787109375,"xmin":0.42919921875,"ycenter":97,"ymax":0.52587890625,"ymin":0.1290283203125}]}