{"best":{"X":8,"Y":68,"Z":567,"label":1,"score":1.0,"xcenter":156,"xmax":0.6875,"xmin":0.3564453125,"ycenter":107,"ymax":0.5546875,"ymin":0.1663818359375},"faces":[{"X":8,"Y":68,"Z":567,"label":1,"score":1.0,"xcenter":156,"xmax":0.6875,"xmin":0.3564453125,"ycenter":107,"ymax":0.5546875,"ymin":0.1663818359375}]}