{"best":{"X":-48,"Y":73,"Z":534,"label":1,"score":1.0,"xcenter":118,"xmax":0.5830078125,"xmin":0.2100830078125,"ycenter":101,"ymax":0.5283203125,"ymin":0.1490478515625},"faces":[{"X":-48,"Y":73,"Z":534,"label":1,"score":1.0,"xcenter":118,"xmax":0.5830078125,"xmin":0.2100830078125,"ycenter":101,"ymax":0.5283203125,"ymin":0.1490478515625}]}