{"best":{"X":21,"Y":60,"Z":585,"label":1,"score":1.0,"xcenter":164,"xmax":0.7197265625,"xmin":0.3798828125,"ycenter":113,"ymax":0.5615234375,"ymin":0.1956787109375},"faces":[{"X":21,"Y":60,"Z":585,"label":1,"score":1.0,"xcenter":164,"xmax":0.7197265625,"xmin":0.3798828125,"ycenter":113,"ymax":0.5615234375,"ymin":0.1956787109375}]}