{"best":{"X":12,"Y":67,"Z":586,"label":1,"score":1.0,"xcenter":158,"xmax":0.7001953125,"xmin":0.3544921875,"ycenter":109,"ymax":0.55322265625,"ymin":0.1778564453125},"faces":[{"X":12,"Y":67,"Z":586,"label":1,"score":1.0,"xcenter":158,"xmax":0.7001953125,"xmin":0.3544921875,"ycenter":109,"ymax":0.55322265625,"ymin":0.1778564453125}]}