{"best":{"X":-79,"Y":58,"Z":343,"label":1,"score":0.99462890625,"xcenter":68,"xmax":0.460205078125,"xmin":-0.006103515625,"ycenter":89,"ymax":0.59033203125,"ymin":0.00439453125},"faces":[{"X":-79,"Y":58,"Z":343,"label":1,"score":0.99462890625,"xcenter":68,"xmax":0.460205078125,"xmin":-0.006103515625,"ycenter":89,"ymax":0.59033203125,"ymin":0.00439453125}]}