{"best":{"X":21,"Y":62,"Z":580,"label":1,"score":1.0,"xcenter":164,"xmax":0.7158203125,"xmin":0.385498046875,"ycenter":112,"ymax":0.5654296875,"ymin":0.1885986328125},"faces":[{"X":21,"Y":62,"Z":580,"label":1,"score":1.0,"xcenter":164,"xmax":0.7158203125,"xmin":0.385498046875,"ycenter":112,"ymax":0.5654296875,"ymin":0.1885986328125}]}