{"best":{"X":5,"Y":67,"Z":575,"label":1,"score":1.0,"xcenter":154,"xmax":0.68212890625,"xmin":0.34814453125,"ycenter":108,"ymax":0.55810546875,"ymin":0.16748046875},"faces":[{"X":5,"Y":67,"Z":575,"label":1,"score":1.0,"xcenter":154,"xmax":0.68212890625,"xmin":0.34814453125,"ycenter":108,"ymax":0.55810546875,"ymin":0.16748046875}]}