{"best":{"X":28,"Y":62,"Z":583,"label":1,"score":1.0,"xcenter":168,"xmax":0.7294921875,"xmin":0.397216796875,"ycenter":112,"ymax":0.560546875,"ymin":0.19140625},"faces":[{"X":28,"Y":62,"Z":583,"label":1,"score":1.0,"xcenter":168,"xmax":0.7294921875,"xmin":0.397216796875,"ycenter":112,"ymax":0.560546875,"ymin":0.19140625}]}