{"best":{"X":-89,"Y":73,"Z":583,"label":1,"score":1.0,"xcenter":96,"xmax":0.49072265625,"xmin":0.1529541015625,"ycenter":105,"ymax":0.5185546875,"ymin":0.187255859375},"faces":[{"X":-89,"Y":73,"Z":583,"label":1,"score":1.0,"xcenter":96,"xmax":0.49072265625,"xmin":0.1529541015625,"ycenter":105,"ymax":0.5185546875,"ymin":0.187255859375}]}