{"best":{"X":7,"Y":71,"Z":577,"label":1,"score":1.0,"xcenter":155,"xmax":0.68505859375,"xmin":0.35498046875,"ycenter":106,"ymax":0.544921875,"ymin":0.164306640625},"faces":[{"X":7,"Y":71,"Z":577,"label":1,"score":1.0,"xcenter":155,"xmax":0.68505859375,"xmin":0.35498046875,"ycenter":106,"ymax":0.544921875,"ymin":0.164306640625}]}