{"best":{"X":-57,"Y":74,"Z":577,"label":1,"score":1.0,"xcenter":115,"xmax":0.5537109375,"xmin":0.2169189453125,"ycenter":104,"ymax":0.52001953125,"ymin":0.1798095703125},"faces":[{"X":-57,"Y":74,"Z":577,"label":1,"score":1.0,"xcenter":115,"xmax":0.5537109375,"xmin":0.2169189453125,"ycenter":104,"ymax":0.52001953125,"ymin":0.1798095703125}]}