{"best":{"X":73,"Y":56,"Z":348,"label":1,"score":1.0,"xcenter":226,"xmax":0.9990234375,"xmin":0.513671875,"ycenter":92,"ymax":0.615234375,"ymin":0.004150390625},"faces":[{"X":73,"Y":56,"Z":348,"label":1,"score":1.0,"xcenter":226,"xmax":0.9990234375,"xmin":0.513671875,"ycenter":92,"ymax":0.615234375,"ymin":0.004150390625}]}