{"best":{"X":12,"Y":61,"Z":602,"label":1,"score":1.0,"xcenter":158,"xmax":0.69775390625,"xmin":0.36279296875,"ycenter":114,"ymax":0.5654296875,"ymin":0.200439453125},"faces":[{"X":12,"Y":61,"Z":602,"label":1,"score":1.0,"xcenter":158,"xmax":0.69775390625,"xmin":0.36279296875,"ycenter":114,"ymax":0.5654296875,"ymin":0.200439453125}]}