{"best":{"X":2,"Y":54,"Z":581,"label":1,"score":1.0,"xcenter":152,"xmax":0.67822265625,"xmin":0.33837890625,"ycenter":117,"ymax":0.5830078125,"ymin":0.2030029296875},"faces":[{"X":2,"Y":54,"Z":581,"label":1,"score":1.0,"xcenter":152,"xmax":0.67822265625,"xmin":0.33837890625,"ycenter":117,"ymax":0.5830078125,"ymin":0.2030029296875}]}