{"best":{"X":40,"Y":64,"Z":585,"label":1,"score":1.0,"xcenter":175,"xmax":0.75439453125,"xmin":0.41748046875,"ycenter":111,"ymax":0.55126953125,"ymin":0.1910400390625},"faces":[{"X":40,"Y":64,"Z":585,"label":1,"score":1.0,"xcenter":175,"xmax":0.75439453125,"xmin":0.41748046875,"ycenter":111,"ymax":0.55126953125,"ymin":0.1910400390625}]}