{"best":{"X":6,"Y":73,"Z":545,"label":1,"score":1.0,"xcenter":155,"xmax":0.68896484375,"xmin":0.34814453125,"ycenter":102,"ymax":0.53515625,"ymin":0.151123046875},"faces":[{"X":6,"Y":73,"Z":545,"label":1,"score":1.0,"xcenter":155,"xmax":0.68896484375,"xmin":0.34814453125,"ycenter":102,"ymax":0.53515625,"ymin":0.151123046875}]}