{"best":{"X":42,"Y":75,"Z":549,"label":1,"score":1.0,"xcenter":178,"xmax":0.7734375,"xmin":0.416015625,"ycenter":101,"ymax":0.521484375,"ymin":0.1593017578125},"faces":[{"X":42,"Y":75,"Z":549,"label":1,"score":1.0,"xcenter":178,"xmax":0.7734375,"xmin":0.416015625,"ycenter":101,"ymax":0.521484375,"ymin":0.1593017578125}]}