{"best":{"X":-33,"Y":69,"Z":343,"label":1,"score":1.0,"xcenter":116,"xmax":0.6640625,"xmin":0.110595703125,"ycenter":78,"ymax":0.5205078125,"ymin":-0.00048828125},"faces":[{"X":-33,"Y":69,"Z":343,"label":1,"score":1.0,"xcenter":116,"xmax":0.6640625,"xmin":0.110595703125,"ycenter":78,"ymax":0.5205078125,"ymin":-0.00048828125}]}