{"best":{"X":74,"Y":56,"Z":600,"label":1,"score":1.0,"xcenter":195,"xmax":0.81201171875,"xmin":0.49169921875,"ycenter":117,"ymax":0.5712890625,"ymin":0.214111328125},"faces":[{"X":74,"Y":56,"Z":600,"label":1,"score":1.0,"xcenter":195,"xmax":0.81201171875,"xmin":0.49169921875,"ycenter":117,"ymax":0.5712890625,"ymin":0.214111328125}]}