{"best":{"X":77,"Y":53,"Z":600,"label":1,"score":1.0,"xcenter":197,"xmax":0.818359375,"xmin":0.501953125,"ycenter":118,"ymax":0.578125,"ymin":0.215087890625},"faces":[{"X":77,"Y":53,"Z":600,"label":1,"score":1.0,"xcenter":197,"xmax":0.818359375,"xmin":0.501953125,"ycenter":118,"ymax":0.578125,"ymin":0.215087890625}]}