{"best":{"X":-107,"Y":73,"Z":568,"label":1,"score":1.0,"xcenter":83,"xmax":0.45263671875,"xmin":0.10791015625,"ycenter":104,"ymax":0.5234375,"ymin":0.1763916015625},"faces":[{"X":-107,"Y":73,"Z":568,"label":1,"score":1.0,"xcenter":83,"xmax":0.45263671875,"xmin":0.10791015625,"ycenter":104,"ymax":0.5234375,"ymin":0.1763916015625}]}