{"best":{"X":16,"Y":74,"Z":577,"label":1,"score":1.0,"xcenter":161,"xmax":0.7041015625,"xmin":0.375244140625,"ycenter":104,"ymax":0.52734375,"ymin":0.1727294921875},"faces":[{"X":16,"Y":74,"Z":577,"label":1,"score":1.0,"xcenter":161,"xmax":0.7041015625,"xmin":0.375244140625,"ycenter":104,"ymax":0.52734375,"ymin":0.1727294921875}]}