{"best":{"X":39,"Y":53,"Z":576,"label":1,"score":1.0,"xcenter":175,"xmax":0.7529296875,"xmin":0.416748046875,"ycenter":117,"ymax":0.5830078125,"ymin":0.202880859375},"faces":[{"X":39,"Y":53,"Z":576,"label":1,"score":1.0,"xcenter":175,"xmax":0.7529296875,"xmin":0.416748046875,"ycenter":117,"ymax":0.5830078125,"ymin":0.202880859375}]}