{"best":{"X":-2,"Y":70,"Z":557,"label":1,"score":1.0,"xcenter":149,"xmax":0.66064453125,"xmin":0.3359375,"ycenter":105,"ymax":0.5341796875,"ymin":0.1683349609375},"faces":[{"X":-2,"Y":70,"Z":557,"label":1,"score":1.0,"xcenter":149,"xmax":0.66064453125,"xmin":0.3359375,"ycenter":105,"ymax":0.5341796875,"ymin":0.1683349609375}]}