{"best":{"X":30,"Y":62,"Z":586,"label":1,"score":1.0,"xcenter":169,"xmax":0.73193359375,"xmin":0.39697265625,"ycenter":112,"ymax":0.564453125,"ymin":0.1898193359375},"faces":[{"X":30,"Y":62,"Z":586,"label":1,"score":1.0,"xcenter":169,"xmax":0.73193359375,"xmin":0.39697265625,"ycenter":112,"ymax":0.564453125,"ymin":0.1898193359375}]}