{"best":{"X":-13,"Y":71,"Z":566,"label":1,"score":1.0,"xcenter":142,"xmax":0.6455078125,"xmin":0.30810546875,"ycenter":105,"ymax":0.537109375,"ymin":0.164794921875},"faces":[{"X":-13,"Y":71,"Z":566,"label":1,"score":1.0,"xcenter":142,"xmax":0.6455078125,"xmin":0.30810546875,"ycenter":105,"ymax":0.537109375,"ymin":0.164794921875}]}