{"best":{"X":8,"Y":67,"Z":577,"label":1,"score":1.0,"xcenter":156,"xmax":0.6884765625,"xmin":0.358154296875,"ycenter":108,"ymax":0.55029296875,"ymin":0.171875},"faces":[{"X":8,"Y":67,"Z":577,"label":1,"score":1.0,"xcenter":156,"xmax":0.6884765625,"xmin":0.358154296875,"ycenter":108,"ymax":0.55029296875,"ymin":0.171875}]}