{"best":{"X":39,"Y":63,"Z":577,"label":1,"score":1.0,"xcenter":175,"xmax":0.759765625,"xmin":0.4140625,"ycenter":111,"ymax":0.5556640625,"ymin":0.1900634765625},"faces":[{"X":39,"Y":63,"Z":577,"label":1,"score":1.0,"xcenter":175,"xmax":0.759765625,"xmin":0.4140625,"ycenter":111,"ymax":0.5556640625,"ymin":0.1900634765625}]}