{"best":{"X":4,"Y":67,"Z":572,"label":1,"score":1.0,"xcenter":153,"xmax":0.6826171875,"xmin":0.345947265625,"ycenter":108,"ymax":0.55029296875,"ymin":0.17041015625},"faces":[{"X":4,"Y":67,"Z":572,"label":1,"score":1.0,"xcenter":153,"xmax":0.6826171875,"xmin":0.345947265625,"ycenter":108,"ymax":0.55029296875,"ymin":0.17041015625}]}