{"best":{"X":-14,"Y":80,"Z":490,"label":1,"score":1.0,"xcenter":140,"xmax":0.6572265625,"xmin":0.281005859375,"ycenter":92,"ymax":0.52197265625,"ymin":0.0997314453125},"faces":[{"X":-14,"Y":80,"Z":490,"label":1,"score":1.0,"xcenter":140,"xmax":0.6572265625,"xmin":0.281005859375,"ycenter":92,"ymax":0.52197265625,"ymin":0.0997314453125}]}