{"best":{"X":4,"Y":53,"Z":671,"label":1,"score":0.99951171875,"xcenter":153,"xmax":0.65625,"xmin":0.369140625,"ycenter":122,"ymax":0.568359375,"ymin":0.2529296875},"faces":[{"X":4,"Y":53,"Z":671,"label":1,"score":0.99951171875,"xcenter":153,"xmax":0.65625,"xmin":0.369140625,"ycenter":122,"ymax":0.568359375,"ymin":0.2529296875}]}