{"best":{"X":-47,"Y":80,"Z":409,"label":1,"score":1.0,"xcenter":109,"xmax":0.5966796875,"xmin":0.1304931640625,"ycenter":80,"ymax":0.53125,"ymin":0.006103515625},"faces":[{"X":-47,"Y":80,"Z":409,"label":1,"score":1.0,"xcenter":109,"xmax":0.5966796875,"xmin":0.1304931640625,"ycenter":80,"ymax":0.53125,"ymin":0.006103515625}]}