{"best":{"X":-17,"Y":81,"Z":493,"label":1,"score":1.0,"xcenter":138,"xmax":0.65087890625,"xmin":0.2734375,"ycenter":91,"ymax":0.52197265625,"ymin":0.0919189453125},"faces":[{"X":-17,"Y":81,"Z":493,"label":1,"score":1.0,"xcenter":138,"xmax":0.65087890625,"xmin":0.2734375,"ycenter":91,"ymax":0.52197265625,"ymin":0.0919189453125}]}