{"best":{"X":13,"Y":70,"Z":567,"label":1,"score":1.0,"xcenter":159,"xmax":0.69921875,"xmin":0.368408203125,"ycenter":106,"ymax":0.5439453125,"ymin":0.168212890625},"faces":[{"X":13,"Y":70,"Z":567,"label":1,"score":1.0,"xcenter":159,"xmax":0.69921875,"xmin":0.368408203125,"ycenter":106,"ymax":0.5439453125,"ymin":0.168212890625}]}