{"best":{"X":14,"Y":71,"Z":549,"label":1,"score":1.0,"xcenter":160,"xmax":0.7001953125,"xmin":0.3701171875,"ycenter":104,"ymax":0.52685546875,"ymin":0.1683349609375},"faces":[{"X":14,"Y":71,"Z":549,"label":1,"score":1.0,"xcenter":160,"xmax":0.7001953125,"xmin":0.3701171875,"ycenter":104,"ymax":0.52685546875,"ymin":0.1683349609375}]}