{"best":{"X":7,"Y":70,"Z":571,"label":1,"score":1.0,"xcenter":155,"xmax":0.685546875,"xmin":0.3515625,"ycenter":106,"ymax":0.5390625,"ymin":0.170654296875},"faces":[{"X":7,"Y":70,"Z":571,"label":1,"score":1.0,"xcenter":155,"xmax":0.685546875,"xmin":0.3515625,"ycenter":106,"ymax":0.5390625,"ymin":0.170654296875}]}