{"best":{"X":-21,"Y":73,"Z":565,"label":1,"score":1.0,"xcenter":137,"xmax":0.6318359375,"xmin":0.28759765625,"ycenter":104,"ymax":0.53125,"ymin":0.169677734375},"faces":[{"X":-21,"Y":73,"Z":565,"label":1,"score":1.0,"xcenter":137,"xmax":0.6318359375,"xmin":0.28759765625,"ycenter":104,"ymax":0.53125,"ymin":0.169677734375}]}