{"best":{"X":68,"Y":69,"Z":368,"label":1,"score":1.0,"xcenter":217,"xmax":0.986328125,"xmin":0.467529296875,"ycenter":83,"ymax":0.55615234375,"ymin":0.00439453125},"faces":[{"X":68,"Y":69,"Z":368,"label":1,"score":1.0,"xcenter":217,"xmax":0.986328125,"xmin":0.467529296875,"ycenter":83,"ymax":0.55615234375,"ymin":0.00439453125}]}