{"best":{"X":-37,"Y":67,"Z":560,"label":1,"score":1.0,"xcenter":127,"xmax":0.6015625,"xmin":0.25048828125,"ycenter":107,"ymax":0.5439453125,"ymin":0.17041015625},"faces":[{"X":-37,"Y":67,"Z":560,"label":1,"score":1.0,"xcenter":127,"xmax":0.6015625,"xmin":0.25048828125,"ycenter":107,"ymax":0.5439453125,"ymin":0.17041015625}]}