{"best":{"X":-20,"Y":80,"Z":520,"label":1,"score":1.0,"xcenter":137,"xmax":0.6455078125,"xmin":0.275390625,"ycenter":95,"ymax":0.517578125,"ymin":0.122314453125},"faces":[{"X":-20,"Y":80,"Z":520,"label":1,"score":1.0,"xcenter":137,"xmax":0.6455078125,"xmin":0.275390625,"ycenter":95,"ymax":0.517578125,"ymin":0.122314453125}]}