{"best":{"X":-40,"Y":69,"Z":592,"label":1,"score":1.0,"xcenter":126,"xmax":0.59326171875,"xmin":0.25537109375,"ycenter":108,"ymax":0.54248046875,"ymin":0.1826171875},"faces":[{"X":-40,"Y":69,"Z":592,"label":1,"score":1.0,"xcenter":126,"xmax":0.59326171875,"xmin":0.25537109375,"ycenter":108,"ymax":0.54248046875,"ymin":0.1826171875}]}