{"best":{"X":-26,"Y":77,"Z":375,"label":1,"score":1.0,"xcenter":125,"xmax":0.65234375,"xmin":0.1846923828125,"ycenter":76,"ymax":0.5087890625,"ymin":0.005615234375},"faces":[{"X":-26,"Y":77,"Z":375,"label":1,"score":1.0,"xcenter":125,"xmax":0.65234375,"xmin":0.1846923828125,"ycenter":76,"ymax":0.5087890625,"ymin":0.005615234375}]}