{"best":{"X":0,"Y":60,"Z":617,"label":1,"score":0.9990234375,"xcenter":150,"xmax":0.658203125,"xmin":0.347900390625,"ycenter":115,"ymax":0.560546875,"ymin":0.2132568359375},"faces":[{"X":0,"Y":60,"Z":617,"label":1,"score":0.9990234375,"xcenter":150,"xmax":0.658203125,"xmin":0.347900390625,"ycenter":115,"ymax":0.560546875,"ymin":0.2132568359375}]}