{"best":{"X":7,"Y":69,"Z":574,"label":1,"score":1.0,"xcenter":155,"xmax":0.685546875,"xmin":0.353515625,"ycenter":107,"ymax":0.546875,"ymin":0.171142578125},"faces":[{"X":7,"Y":69,"Z":574,"label":1,"score":1.0,"xcenter":155,"xmax":0.685546875,"xmin":0.353515625,"ycenter":107,"ymax":0.546875,"ymin":0.171142578125}]}