{"best":{"X":-46,"Y":74,"Z":548,"label":1,"score":1.0,"xcenter":120,"xmax":0.578125,"xmin":0.22607421875,"ycenter":102,"ymax":0.5283203125,"ymin":0.1590576171875},"faces":[{"X":-46,"Y":74,"Z":548,"label":1,"score":1.0,"xcenter":120,"xmax":0.578125,"xmin":0.22607421875,"ycenter":102,"ymax":0.5283203125,"ymin":0.1590576171875}]}