{"best":{"X":2,"Y":47,"Z":673,"label":1,"score":0.99951171875,"xcenter":152,"xmax":0.65185546875,"xmin":0.36865234375,"ycenter":125,"ymax":0.59228515625,"ymin":0.2442626953125},"faces":[{"X":2,"Y":47,"Z":673,"label":1,"score":0.99951171875,"xcenter":152,"xmax":0.65185546875,"xmin":0.36865234375,"ycenter":125,"ymax":0.59228515625,"ymin":0.2442626953125}]}