{"best":{"X":26,"Y":71,"Z":579,"label":1,"score":1.0,"xcenter":167,"xmax":0.72509765625,"xmin":0.39111328125,"ycenter":106,"ymax":0.54150390625,"ymin":0.1729736328125},"faces":[{"X":26,"Y":71,"Z":579,"label":1,"score":1.0,"xcenter":167,"xmax":0.72509765625,"xmin":0.39111328125,"ycenter":106,"ymax":0.54150390625,"ymin":0.1729736328125}]}