{"best":{"X":-119,"Y":74,"Z":574,"label":1,"score":1.0,"xcenter":76,"xmax":0.429931640625,"xmin":0.080322265625,"ycenter":104,"ymax":0.517578125,"ymin":0.1827392578125},"faces":[{"X":-119,"Y":74,"Z":574,"label":1,"score":1.0,"xcenter":76,"xmax":0.429931640625,"xmin":0.080322265625,"ycenter":104,"ymax":0.517578125,"ymin":0.1827392578125}]}