{"best":{"X":56,"Y":70,"Z":541,"label":1,"score":1.0,"xcenter":188,"xmax":0.8046875,"xmin":0.453369140625,"ycenter":104,"ymax":0.5439453125,"ymin":0.154541015625},"faces":[{"X":56,"Y":70,"Z":541,"label":1,"score":1.0,"xcenter":188,"xmax":0.8046875,"xmin":0.453369140625,"ycenter":104,"ymax":0.5439453125,"ymin":0.154541015625}]}