{"best":{"X":-7,"Y":73,"Z":567,"label":1,"score":1.0,"xcenter":146,"xmax":0.65625,"xmin":0.3251953125,"ycenter":104,"ymax":0.529296875,"ymin":0.1697998046875},"faces":[{"X":-7,"Y":73,"Z":567,"label":1,"score":1.0,"xcenter":146,"xmax":0.65625,"xmin":0.3251953125,"ycenter":104,"ymax":0.529296875,"ymin":0.1697998046875}]}