{"best":{"X":7,"Y":69,"Z":575,"label":1,"score":1.0,"xcenter":155,"xmax":0.685546875,"xmin":0.353271484375,"ycenter":107,"ymax":0.5498046875,"ymin":0.170654296875},"faces":[{"X":7,"Y":69,"Z":575,"label":1,"score":1.0,"xcenter":155,"xmax":0.685546875,"xmin":0.353271484375,"ycenter":107,"ymax":0.5498046875,"ymin":0.170654296875}]}