{"best":{"X":-42,"Y":76,"Z":385,"label":1,"score":1.0,"xcenter":111,"xmax":0.615234375,"xmin":0.128662109375,"ycenter":79,"ymax":0.5283203125,"ymin":0.001220703125},"faces":[{"X":-42,"Y":76,"Z":385,"label":1,"score":1.0,"xcenter":111,"xmax":0.615234375,"xmin":0.128662109375,"ycenter":79,"ymax":0.5283203125,"ymin":0.001220703125}]}