{"best":{"X":18,"Y":67,"Z":582,"label":1,"score":1.0,"xcenter":162,"xmax":0.71484375,"xmin":0.369384765625,"ycenter":109,"ymax":0.5498046875,"ymin":0.182373046875},"faces":[{"X":18,"Y":67,"Z":582,"label":1,"score":1.0,"xcenter":162,"xmax":0.71484375,"xmin":0.369384765625,"ycenter":109,"ymax":0.5498046875,"ymin":0.182373046875}]}