{"best":{"X":12,"Y":66,"Z":539,"label":1,"score":1.0,"xcenter":159,"xmax":0.7099609375,"xmin":0.3544921875,"ycenter":106,"ymax":0.546875,"ymin":0.166015625},"faces":[{"X":12,"Y":66,"Z":539,"label":1,"score":1.0,"xcenter":159,"xmax":0.7099609375,"xmin":0.3544921875,"ycenter":106,"ymax":0.546875,"ymin":0.166015625}]}