{"best":{"X":-21,"Y":74,"Z":565,"label":1,"score":1.0,"xcenter":137,"xmax":0.626953125,"xmin":0.28759765625,"ycenter":103,"ymax":0.525390625,"ymin":0.169677734375},"faces":[{"X":-21,"Y":74,"Z":565,"label":1,"score":1.0,"xcenter":137,"xmax":0.626953125,"xmin":0.28759765625,"ycenter":103,"ymax":0.525390625,"ymin":0.169677734375}]}