{"best":{"X":41,"Y":70,"Z":490,"label":1,"score":1.0,"xcenter":181,"xmax":0.79541015625,"xmin":0.41943359375,"ycenter":99,"ymax":0.51123046875,"ymin":0.1514892578125},"faces":[{"X":41,"Y":70,"Z":490,"label":1,"score":1.0,"xcenter":181,"xmax":0.79541015625,"xmin":0.41943359375,"ycenter":99,"ymax":0.51123046875,"ymin":0.1514892578125}]}