{"best":{"X":38,"Y":62,"Z":585,"label":1,"score":1.0,"xcenter":174,"xmax":0.748046875,"xmin":0.417236328125,"ycenter":112,"ymax":0.5615234375,"ymin":0.1890869140625},"faces":[{"X":38,"Y":62,"Z":585,"label":1,"score":1.0,"xcenter":174,"xmax":0.748046875,"xmin":0.417236328125,"ycenter":112,"ymax":0.5615234375,"ymin":0.1890869140625}]}