{"best":{"X":-6,"Y":71,"Z":578,"label":1,"score":1.0,"xcenter":147,"xmax":0.654296875,"xmin":0.331787109375,"ycenter":106,"ymax":0.5400390625,"ymin":0.1697998046875},"faces":[{"X":-6,"Y":71,"Z":578,"label":1,"score":1.0,"xcenter":147,"xmax":0.654296875,"xmin":0.331787109375,"ycenter":106,"ymax":0.5400390625,"ymin":0.1697998046875}]}