{"best":{"X":2,"Y":48,"Z":666,"label":1,"score":0.99951171875,"xcenter":152,"xmax":0.65234375,"xmin":0.3681640625,"ycenter":124,"ymax":0.587890625,"ymin":0.2420654296875},"faces":[{"X":2,"Y":48,"Z":666,"label":1,"score":0.99951171875,"xcenter":152,"xmax":0.65234375,"xmin":0.3681640625,"ycenter":124,"ymax":0.587890625,"ymin":0.2420654296875}]}