{"best":{"X":-110,"Y":72,"Z":583,"label":1,"score":1.0,"xcenter":83,"xmax":0.44921875,"xmin":0.1075439453125,"ycenter":106,"ymax":0.51416015625,"ymin":0.1954345703125},"faces":[{"X":-110,"Y":72,"Z":583,"label":1,"score":1.0,"xcenter":83,"xmax":0.44921875,"xmin":0.1075439453125,"ycenter":106,"ymax":0.51416015625,"ymin":0.1954345703125}]}