{"best":{"X":-4,"Y":62,"Z":633,"label":1,"score":1.0,"xcenter":148,"xmax":0.65234375,"xmin":0.337890625,"ycenter":115,"ymax":0.5654296875,"ymin":0.2099609375},"faces":[{"X":-4,"Y":62,"Z":633,"label":1,"score":1.0,"xcenter":148,"xmax":0.65234375,"xmin":0.337890625,"ycenter":115,"ymax":0.5654296875,"ymin":0.2099609375}]}