{"best":{"X":31,"Y":72,"Z":577,"label":1,"score":1.0,"xcenter":170,"xmax":0.7373046875,"xmin":0.401611328125,"ycenter":105,"ymax":0.53173828125,"ymin":0.1708984375},"faces":[{"X":31,"Y":72,"Z":577,"label":1,"score":1.0,"xcenter":170,"xmax":0.7373046875,"xmin":0.401611328125,"ycenter":105,"ymax":0.53173828125,"ymin":0.1708984375}]}