{"best":{"X":-30,"Y":70,"Z":583,"label":1,"score":1.0,"xcenter":132,"xmax":0.6103515625,"xmin":0.270263671875,"ycenter":107,"ymax":0.53466796875,"ymin":0.18310546875},"faces":[{"X":-30,"Y":70,"Z":583,"label":1,"score":1.0,"xcenter":132,"xmax":0.6103515625,"xmin":0.270263671875,"ycenter":107,"ymax":0.53466796875,"ymin":0.18310546875}]}