{"best":{"X":3,"Y":76,"Z":532,"label":1,"score":1.0,"xcenter":153,"xmax":0.6865234375,"xmin":0.3427734375,"ycenter":99,"ymax":0.521484375,"ymin":0.146240234375},"faces":[{"X":3,"Y":76,"Z":532,"label":1,"score":1.0,"xcenter":153,"xmax":0.6865234375,"xmin":0.3427734375,"ycenter":99,"ymax":0.521484375,"ymin":0.146240234375}]}