{"best":{"X":-39,"Y":75,"Z":523,"label":1,"score":1.0,"xcenter":124,"xmax":0.60546875,"xmin":0.2283935546875,"ycenter":99,"ymax":0.5341796875,"ymin":0.128662109375},"faces":[{"X":-39,"Y":75,"Z":523,"label":1,"score":1.0,"xcenter":124,"xmax":0.60546875,"xmin":0.2283935546875,"ycenter":99,"ymax":0.5341796875,"ymin":0.128662109375}]}