{"best":{"X":-16,"Y":69,"Z":564,"label":1,"score":1.0,"xcenter":140,"xmax":0.64208984375,"xmin":0.29736328125,"ycenter":106,"ymax":0.541015625,"ymin":0.1676025390625},"faces":[{"X":-16,"Y":69,"Z":564,"label":1,"score":1.0,"xcenter":140,"xmax":0.64208984375,"xmin":0.29736328125,"ycenter":106,"ymax":0.541015625,"ymin":0.1676025390625}]}