{"best":{"X":-7,"Y":74,"Z":577,"label":1,"score":1.0,"xcenter":146,"xmax":0.65087890625,"xmin":0.32666015625,"ycenter":104,"ymax":0.5263671875,"ymin":0.171630859375},"faces":[{"X":-7,"Y":74,"Z":577,"label":1,"score":1.0,"xcenter":146,"xmax":0.65087890625,"xmin":0.32666015625,"ycenter":104,"ymax":0.5263671875,"ymin":0.171630859375}]}