{"best":{"X":-10,"Y":69,"Z":562,"label":1,"score":1.0,"xcenter":144,"xmax":0.6533203125,"xmin":0.312744140625,"ycenter":106,"ymax":0.5478515625,"ymin":0.1640625},"faces":[{"X":-10,"Y":69,"Z":562,"label":1,"score":1.0,"xcenter":144,"xmax":0.6533203125,"xmin":0.312744140625,"ycenter":106,"ymax":0.5478515625,"ymin":0.1640625}]}