{"best":{"X":20,"Y":68,"Z":540,"label":1,"score":1.0,"xcenter":164,"xmax":0.71728515625,"xmin":0.37939453125,"ycenter":105,"ymax":0.5302734375,"ymin":0.17041015625},"faces":[{"X":20,"Y":68,"Z":540,"label":1,"score":1.0,"xcenter":164,"xmax":0.71728515625,"xmin":0.37939453125,"ycenter":105,"ymax":0.5302734375,"ymin":0.17041015625}]}