{"best":{"X":20,"Y":70,"Z":562,"label":1,"score":1.0,"xcenter":164,"xmax":0.7119140625,"xmin":0.3857421875,"ycenter":105,"ymax":0.5341796875,"ymin":0.17236328125},"faces":[{"X":20,"Y":70,"Z":562,"label":1,"score":1.0,"xcenter":164,"xmax":0.7119140625,"xmin":0.3857421875,"ycenter":105,"ymax":0.5341796875,"ymin":0.17236328125}]}