{"best":{"X":17,"Y":69,"Z":560,"label":1,"score":1.0,"xcenter":162,"xmax":0.7041015625,"xmin":0.3779296875,"ycenter":106,"ymax":0.54736328125,"ymin":0.16357421875},"faces":[{"X":17,"Y":69,"Z":560,"label":1,"score":1.0,"xcenter":162,"xmax":0.7041015625,"xmin":0.3779296875,"ycenter":106,"ymax":0.54736328125,"ymin":0.16357421875}]}