{"best":{"X":-8,"Y":69,"Z":571,"label":1,"score":1.0,"xcenter":145,"xmax":0.654296875,"xmin":0.319580078125,"ycenter":107,"ymax":0.54541015625,"ymin":0.1734619140625},"faces":[{"X":-8,"Y":69,"Z":571,"label":1,"score":1.0,"xcenter":145,"xmax":0.654296875,"xmin":0.319580078125,"ycenter":107,"ymax":0.54541015625,"ymin":0.1734619140625}]}