{"best":{"X":-11,"Y":70,"Z":567,"label":1,"score":1.0,"xcenter":143,"xmax":0.64892578125,"xmin":0.31005859375,"ycenter":106,"ymax":0.5458984375,"ymin":0.166748046875},"faces":[{"X":-11,"Y":70,"Z":567,"label":1,"score":1.0,"xcenter":143,"xmax":0.64892578125,"xmin":0.31005859375,"ycenter":106,"ymax":0.5458984375,"ymin":0.166748046875}]}