{"best":{"X":70,"Y":58,"Z":348,"label":1,"score":1.0,"xcenter":223,"xmax":0.9921875,"xmin":0.5029296875,"ycenter":90,"ymax":0.6025390625,"ymin":0.00537109375},"faces":[{"X":70,"Y":58,"Z":348,"label":1,"score":1.0,"xcenter":223,"xmax":0.9921875,"xmin":0.5029296875,"ycenter":90,"ymax":0.6025390625,"ymin":0.00537109375}]}