{"best":{"X":-11,"Y":69,"Z":565,"label":1,"score":1.0,"xcenter":143,"xmax":0.6494140625,"xmin":0.311279296875,"ycenter":106,"ymax":0.5400390625,"ymin":0.1668701171875},"faces":[{"X":-11,"Y":69,"Z":565,"label":1,"score":1.0,"xcenter":143,"xmax":0.6494140625,"xmin":0.311279296875,"ycenter":106,"ymax":0.5400390625,"ymin":0.1668701171875}]}