{"best":{"X":12,"Y":60,"Z":585,"label":1,"score":1.0,"xcenter":158,"xmax":0.70068359375,"xmin":0.35888671875,"ycenter":113,"ymax":0.5673828125,"ymin":0.192138671875},"faces":[{"X":12,"Y":60,"Z":585,"label":1,"score":1.0,"xcenter":158,"xmax":0.70068359375,"xmin":0.35888671875,"ycenter":113,"ymax":0.5673828125,"ymin":0.192138671875}]}