{"best":{"X":-16,"Y":72,"Z":508,"label":1,"score":1.0,"xcenter":139,"xmax":0.65234375,"xmin":0.2802734375,"ycenter":99,"ymax":0.533203125,"ymin":0.1334228515625},"faces":[{"X":-16,"Y":72,"Z":508,"label":1,"score":1.0,"xcenter":139,"xmax":0.65234375,"xmin":0.2802734375,"ycenter":99,"ymax":0.533203125,"ymin":0.1334228515625}]}