{"best":{"X":10,"Y":61,"Z":577,"label":1,"score":1.0,"xcenter":157,"xmax":0.69287109375,"xmin":0.36083984375,"ycenter":112,"ymax":0.57080078125,"ymin":0.1800537109375},"faces":[{"X":10,"Y":61,"Z":577,"label":1,"score":1.0,"xcenter":157,"xmax":0.69287109375,"xmin":0.36083984375,"ycenter":112,"ymax":0.57080078125,"ymin":0.1800537109375}]}