{"best":{"X":47,"Y":69,"Z":576,"label":1,"score":1.0,"xcenter":180,"xmax":0.76904296875,"xmin":0.43701171875,"ycenter":107,"ymax":0.54296875,"ymin":0.177978515625},"faces":[{"X":47,"Y":69,"Z":576,"label":1,"score":1.0,"xcenter":180,"xmax":0.76904296875,"xmin":0.43701171875,"ycenter":107,"ymax":0.54296875,"ymin":0.177978515625}]}