{"best":{"X":3,"Y":69,"Z":565,"label":1,"score":1.0,"xcenter":153,"xmax":0.6796875,"xmin":0.345947265625,"ycenter":106,"ymax":0.5419921875,"ymin":0.17041015625},"faces":[{"X":3,"Y":69,"Z":565,"label":1,"score":1.0,"xcenter":153,"xmax":0.6796875,"xmin":0.345947265625,"ycenter":106,"ymax":0.5419921875,"ymin":0.17041015625}]}