{"best":{"X":62,"Y":71,"Z":394,"label":1,"score":1.0,"xcenter":207,"xmax":0.9326171875,"xmin":0.455078125,"ycenter":85,"ymax":0.5478515625,"ymin":0.025390625},"faces":[{"X":62,"Y":71,"Z":394,"label":1,"score":1.0,"xcenter":207,"xmax":0.9326171875,"xmin":0.455078125,"ycenter":85,"ymax":0.5478515625,"ymin":0.025390625}]}