{"best":{"X":-35,"Y":79,"Z":482,"label":1,"score":1.0,"xcenter":124,"xmax":0.603515625,"xmin":0.2249755859375,"ycenter":91,"ymax":0.509765625,"ymin":0.103271484375},"faces":[{"X":-35,"Y":79,"Z":482,"label":1,"score":1.0,"xcenter":124,"xmax":0.603515625,"xmin":0.2249755859375,"ycenter":91,"ymax":0.509765625,"ymin":0.103271484375}]}