{"best":{"X":-13,"Y":62,"Z":570,"label":1,"score":1.0,"xcenter":142,"xmax":0.64501953125,"xmin":0.306640625,"ycenter":111,"ymax":0.56494140625,"ymin":0.1802978515625},"faces":[{"X":-13,"Y":62,"Z":570,"label":1,"score":1.0,"xcenter":142,"xmax":0.64501953125,"xmin":0.306640625,"ycenter":111,"ymax":0.56494140625,"ymin":0.1802978515625}]}