{"best":{"X":46,"Y":60,"Z":580,"label":1,"score":1.0,"xcenter":179,"xmax":0.76513671875,"xmin":0.43408203125,"ycenter":113,"ymax":0.56201171875,"ymin":0.19580078125},"faces":[{"X":46,"Y":60,"Z":580,"label":1,"score":1.0,"xcenter":179,"xmax":0.76513671875,"xmin":0.43408203125,"ycenter":113,"ymax":0.56201171875,"ymin":0.19580078125}]}