{"best":{"X":52,"Y":63,"Z":580,"label":1,"score":1.0,"xcenter":183,"xmax":0.77783203125,"xmin":0.44384765625,"ycenter":111,"ymax":0.55078125,"ymin":0.1925048828125},"faces":[{"X":52,"Y":63,"Z":580,"label":1,"score":1.0,"xcenter":183,"xmax":0.77783203125,"xmin":0.44384765625,"ycenter":111,"ymax":0.55078125,"ymin":0.1925048828125}]}