{"best":{"X":-93,"Y":74,"Z":387,"label":1,"score":0.99951171875,"xcenter":64,"xmax":0.4306640625,"xmin":-0.0028076171875,"ycenter":82,"ymax":0.5380859375,"ymin":0.0146484375},"faces":[{"X":-93,"Y":74,"Z":387,"label":1,"score":0.99951171875,"xcenter":64,"xmax":0.4306640625,"xmin":-0.0028076171875,"ycenter":82,"ymax":0.5380859375,"ymin":0.0146484375}]}