{"best":{"X":-12,"Y":81,"Z":467,"label":1,"score":1.0,"xcenter":141,"xmax":0.666015625,"xmin":0.28125,"ycenter":88,"ymax":0.50732421875,"ymin":0.08203125},"faces":[{"X":-12,"Y":81,"Z":467,"label":1,"score":1.0,"xcenter":141,"xmax":0.666015625,"xmin":0.28125,"ycenter":88,"ymax":0.50732421875,"ymin":0.08203125}]}