{"best":{"X":90,"Y":65,"Z":390,"label":1,"score":1.0,"xcenter":233,"xmax":1.00390625,"xmin":0.55078125,"ycenter":90,"ymax":0.59375,"ymin":0.01025390625},"faces":[{"X":90,"Y":65,"Z":390,"label":1,"score":1.0,"xcenter":233,"xmax":1.00390625,"xmin":0.55078125,"ycenter":90,"ymax":0.59375,"ymin":0.01025390625}]}