{"best":{"X":57,"Y":65,"Z":582,"label":1,"score":1.0,"xcenter":186,"xmax":0.78857421875,"xmin":0.45556640625,"ycenter":110,"ymax":0.55322265625,"ymin":0.1873779296875},"faces":[{"X":57,"Y":65,"Z":582,"label":1,"score":1.0,"xcenter":186,"xmax":0.78857421875,"xmin":0.45556640625,"ycenter":110,"ymax":0.55322265625,"ymin":0.1873779296875}]}