{"best":{"X":-12,"Y":74,"Z":496,"label":1,"score":1.0,"xcenter":142,"xmax":0.6630859375,"xmin":0.28857421875,"ycenter":97,"ymax":0.5283203125,"ymin":0.120361328125},"faces":[{"X":-12,"Y":74,"Z":496,"label":1,"score":1.0,"xcenter":142,"xmax":0.6630859375,"xmin":0.28857421875,"ycenter":97,"ymax":0.5283203125,"ymin":0.120361328125}]}