{"best":{"X":-3,"Y":70,"Z":566,"label":1,"score":1.0,"xcenter":148,"xmax":0.662109375,"xmin":0.33154296875,"ycenter":106,"ymax":0.53955078125,"ymin":0.1702880859375},"faces":[{"X":-3,"Y":70,"Z":566,"label":1,"score":1.0,"xcenter":148,"xmax":0.662109375,"xmin":0.33154296875,"ycenter":106,"ymax":0.53955078125,"ymin":0.1702880859375}]}