{"best":{"X":-2,"Y":70,"Z":567,"label":1,"score":1.0,"xcenter":149,"xmax":0.6630859375,"xmin":0.33349609375,"ycenter":106,"ymax":0.5380859375,"ymin":0.1705322265625},"faces":[{"X":-2,"Y":70,"Z":567,"label":1,"score":1.0,"xcenter":149,"xmax":0.6630859375,"xmin":0.33349609375,"ycenter":106,"ymax":0.5380859375,"ymin":0.1705322265625}]}