{"best":{"X":7,"Y":68,"Z":561,"label":1,"score":1.0,"xcenter":155,"xmax":0.6875,"xmin":0.3505859375,"ycenter":107,"ymax":0.55029296875,"ymin":0.1680908203125},"faces":[{"X":7,"Y":68,"Z":561,"label":1,"score":1.0,"xcenter":155,"xmax":0.6875,"xmin":0.3505859375,"ycenter":107,"ymax":0.55029296875,"ymin":0.1680908203125}]}