{"best":{"X":8,"Y":70,"Z":574,"label":1,"score":1.0,"xcenter":156,"xmax":0.6875,"xmin":0.3544921875,"ycenter":106,"ymax":0.54296875,"ymin":0.168212890625},"faces":[{"X":8,"Y":70,"Z":574,"label":1,"score":1.0,"xcenter":156,"xmax":0.6875,"xmin":0.3544921875,"ycenter":106,"ymax":0.54296875,"ymin":0.168212890625}]}