{"best":{"X":-125,"Y":70,"Z":577,"label":1,"score":1.0,"xcenter":73,"xmax":0.41748046875,"xmin":0.0716552734375,"ycenter":107,"ymax":0.5322265625,"ymin":0.18701171875},"faces":[{"X":-125,"Y":70,"Z":577,"label":1,"score":1.0,"xcenter":73,"xmax":0.41748046875,"xmin":0.0716552734375,"ycenter":107,"ymax":0.5322265625,"ymin":0.18701171875}]}