{"best":{"X":-17,"Y":80,"Z":492,"label":1,"score":1.0,"xcenter":138,"xmax":0.65283203125,"xmin":0.2744140625,"ycenter":92,"ymax":0.52197265625,"ymin":0.0936279296875},"faces":[{"X":-17,"Y":80,"Z":492,"label":1,"score":1.0,"xcenter":138,"xmax":0.65283203125,"xmin":0.2744140625,"ycenter":92,"ymax":0.52197265625,"ymin":0.0936279296875}]}