{"best":{"X":7,"Y":69,"Z":574,"label":1,"score":1.0,"xcenter":155,"xmax":0.68603515625,"xmin":0.35302734375,"ycenter":107,"ymax":0.5478515625,"ymin":0.1680908203125},"faces":[{"X":7,"Y":69,"Z":574,"label":1,"score":1.0,"xcenter":155,"xmax":0.68603515625,"xmin":0.35302734375,"ycenter":107,"ymax":0.5478515625,"ymin":0.1680908203125}]}