{"best":{"X":26,"Y":64,"Z":584,"label":1,"score":1.0,"xcenter":167,"xmax":0.72900390625,"xmin":0.39111328125,"ycenter":111,"ymax":0.552734375,"ymin":0.1944580078125},"faces":[{"X":26,"Y":64,"Z":584,"label":1,"score":1.0,"xcenter":167,"xmax":0.72900390625,"xmin":0.39111328125,"ycenter":111,"ymax":0.552734375,"ymin":0.1944580078125}]}