{"best":{"X":-16,"Y":68,"Z":564,"label":1,"score":1.0,"xcenter":140,"xmax":0.64111328125,"xmin":0.294921875,"ycenter":107,"ymax":0.55908203125,"ymin":0.1629638671875},"faces":[{"X":-16,"Y":68,"Z":564,"label":1,"score":1.0,"xcenter":140,"xmax":0.64111328125,"xmin":0.294921875,"ycenter":107,"ymax":0.55908203125,"ymin":0.1629638671875}]}