{"best":{"X":70,"Y":58,"Z":351,"label":1,"score":1.0,"xcenter":222,"xmax":0.9970703125,"xmin":0.487060546875,"ycenter":90,"ymax":0.6015625,"ymin":0.000732421875},"faces":[{"X":70,"Y":58,"Z":351,"label":1,"score":1.0,"xcenter":222,"xmax":0.9970703125,"xmin":0.487060546875,"ycenter":90,"ymax":0.6015625,"ymin":0.000732421875}]}