{"best":{"X":-3,"Y":73,"Z":567,"label":1,"score":1.0,"xcenter":148,"xmax":0.662109375,"xmin":0.332763671875,"ycenter":104,"ymax":0.52978515625,"ymin":0.1715087890625},"faces":[{"X":-3,"Y":73,"Z":567,"label":1,"score":1.0,"xcenter":148,"xmax":0.662109375,"xmin":0.332763671875,"ycenter":104,"ymax":0.52978515625,"ymin":0.1715087890625}]}