{"best":{"X":5,"Y":68,"Z":578,"label":1,"score":1.0,"xcenter":154,"xmax":0.68359375,"xmin":0.349853515625,"ycenter":108,"ymax":0.55859375,"ymin":0.169677734375},"faces":[{"X":5,"Y":68,"Z":578,"label":1,"score":1.0,"xcenter":154,"xmax":0.68359375,"xmin":0.349853515625,"ycenter":108,"ymax":0.55859375,"ymin":0.169677734375}]}