{"best":{"X":9,"Y":70,"Z":556,"label":1,"score":1.0,"xcenter":157,"xmax":0.6923828125,"xmin":0.356689453125,"ycenter":105,"ymax":0.53857421875,"ymin":0.1683349609375},"faces":[{"X":9,"Y":70,"Z":556,"label":1,"score":1.0,"xcenter":157,"xmax":0.6923828125,"xmin":0.356689453125,"ycenter":105,"ymax":0.53857421875,"ymin":0.1683349609375}]}