{"best":{"X":66,"Y":56,"Z":600,"label":1,"score":1.0,"xcenter":190,"xmax":0.7939453125,"xmin":0.474853515625,"ycenter":117,"ymax":0.5791015625,"ymin":0.2083740234375},"faces":[{"X":66,"Y":56,"Z":600,"label":1,"score":1.0,"xcenter":190,"xmax":0.7939453125,"xmin":0.474853515625,"ycenter":117,"ymax":0.5791015625,"ymin":0.2083740234375}]}