{"best":{"X":51,"Y":64,"Z":587,"label":1,"score":1.0,"xcenter":182,"xmax":0.77978515625,"xmin":0.44287109375,"ycenter":111,"ymax":0.544921875,"ymin":0.197509765625},"faces":[{"X":51,"Y":64,"Z":587,"label":1,"score":1.0,"xcenter":182,"xmax":0.77978515625,"xmin":0.44287109375,"ycenter":111,"ymax":0.544921875,"ymin":0.197509765625}]}