{"best":{"X":5,"Y":79,"Z":555,"label":1,"score":1.0,"xcenter":154,"xmax":0.6884765625,"xmin":0.343994140625,"ycenter":99,"ymax":0.51611328125,"ymin":0.1522216796875},"faces":[{"X":5,"Y":79,"Z":555,"label":1,"score":1.0,"xcenter":154,"xmax":0.6884765625,"xmin":0.343994140625,"ycenter":99,"ymax":0.51611328125,"ymin":0.1522216796875}]}