{"best":{"X":4,"Y":72,"Z":578,"label":1,"score":1.0,"xcenter":153,"xmax":0.6767578125,"xmin":0.346923828125,"ycenter":105,"ymax":0.5400390625,"ymin":0.165283203125},"faces":[{"X":4,"Y":72,"Z":578,"label":1,"score":1.0,"xcenter":153,"xmax":0.6767578125,"xmin":0.346923828125,"ycenter":105,"ymax":0.5400390625,"ymin":0.165283203125}]}