{"best":{"X":94,"Y":73,"Z":480,"label":1,"score":1.0,"xcenter":221,"xmax":0.95849609375,"xmin":0.51708984375,"ycenter":95,"ymax":0.5361328125,"ymin":0.1058349609375},"faces":[{"X":94,"Y":73,"Z":480,"label":1,"score":1.0,"xcenter":221,"xmax":0.95849609375,"xmin":0.51708984375,"ycenter":95,"ymax":0.5361328125,"ymin":0.1058349609375}]}