{"best":{"X":-60,"Y":72,"Z":578,"label":1,"score":1.0,"xcenter":113,"xmax":0.5478515625,"xmin":0.207275390625,"ycenter":105,"ymax":0.515625,"ymin":0.1890869140625},"faces":[{"X":-60,"Y":72,"Z":578,"label":1,"score":1.0,"xcenter":113,"xmax":0.5478515625,"xmin":0.207275390625,"ycenter":105,"ymax":0.515625,"ymin":0.1890869140625}]}