{"best":{"X":5,"Y":63,"Z":575,"label":1,"score":1.0,"xcenter":154,"xmax":0.6787109375,"xmin":0.3505859375,"ycenter":111,"ymax":0.5712890625,"ymin":0.17138671875},"faces":[{"X":5,"Y":63,"Z":575,"label":1,"score":1.0,"xcenter":154,"xmax":0.6787109375,"xmin":0.3505859375,"ycenter":111,"ymax":0.5712890625,"ymin":0.17138671875}]}