{"best":{"X":-58,"Y":79,"Z":444,"label":1,"score":1.0,"xcenter":104,"xmax":0.55224609375,"xmin":0.1461181640625,"ycenter":86,"ymax":0.51416015625,"ymin":0.064453125},"faces":[{"X":-58,"Y":79,"Z":444,"label":1,"score":1.0,"xcenter":104,"xmax":0.55224609375,"xmin":0.1461181640625,"ycenter":86,"ymax":0.51416015625,"ymin":0.064453125}]}