{"best":{"X":-5,"Y":71,"Z":567,"label":1,"score":1.0,"xcenter":147,"xmax":0.65966796875,"xmin":0.3291015625,"ycenter":105,"ymax":0.5390625,"ymin":0.167236328125},"faces":[{"X":-5,"Y":71,"Z":567,"label":1,"score":1.0,"xcenter":147,"xmax":0.65966796875,"xmin":0.3291015625,"ycenter":105,"ymax":0.5390625,"ymin":0.167236328125}]}