{"best":{"X":95,"Y":63,"Z":414,"label":1,"score":1.0,"xcenter":233,"xmax":1.005859375,"xmin":0.55322265625,"ycenter":95,"ymax":0.59375,"ymin":0.040771484375},"faces":[{"X":95,"Y":63,"Z":414,"label":1,"score":1.0,"xcenter":233,"xmax":1.005859375,"xmin":0.55322265625,"ycenter":95,"ymax":0.59375,"ymin":0.040771484375}]}