{"best":{"X":-30,"Y":70,"Z":573,"label":1,"score":1.0,"xcenter":132,"xmax":0.609375,"xmin":0.27734375,"ycenter":106,"ymax":0.54052734375,"ymin":0.1710205078125},"faces":[{"X":-30,"Y":70,"Z":573,"label":1,"score":1.0,"xcenter":132,"xmax":0.609375,"xmin":0.27734375,"ycenter":106,"ymax":0.54052734375,"ymin":0.1710205078125}]}