{"best":{"X":-32,"Y":71,"Z":569,"label":1,"score":1.0,"xcenter":130,"xmax":0.603515625,"xmin":0.26416015625,"ycenter":105,"ymax":0.53173828125,"ymin":0.1715087890625},"faces":[{"X":-32,"Y":71,"Z":569,"label":1,"score":1.0,"xcenter":130,"xmax":0.603515625,"xmin":0.26416015625,"ycenter":105,"ymax":0.53173828125,"ymin":0.1715087890625}]}