{"best":{"X":20,"Y":62,"Z":579,"label":1,"score":1.0,"xcenter":163,"xmax":0.7099609375,"xmin":0.3818359375,"ycenter":112,"ymax":0.5673828125,"ymin":0.1854248046875},"faces":[{"X":20,"Y":62,"Z":579,"label":1,"score":1.0,"xcenter":163,"xmax":0.7099609375,"xmin":0.3818359375,"ycenter":112,"ymax":0.5673828125,"ymin":0.1854248046875}]}