{"best":{"X":12,"Y":64,"Z":578,"label":1,"score":1.0,"xcenter":158,"xmax":0.69287109375,"xmin":0.36474609375,"ycenter":110,"ymax":0.55615234375,"ymin":0.1842041015625},"faces":[{"X":12,"Y":64,"Z":578,"label":1,"score":1.0,"xcenter":158,"xmax":0.69287109375,"xmin":0.36474609375,"ycenter":110,"ymax":0.55615234375,"ymin":0.1842041015625}]}