{"best":{"X":9,"Y":65,"Z":555,"label":1,"score":1.0,"xcenter":157,"xmax":0.701171875,"xmin":0.352294921875,"ycenter":108,"ymax":0.55224609375,"ymin":0.1724853515625},"faces":[{"X":9,"Y":65,"Z":555,"label":1,"score":1.0,"xcenter":157,"xmax":0.701171875,"xmin":0.352294921875,"ycenter":108,"ymax":0.55224609375,"ymin":0.1724853515625}]}