{"best":{"X":-15,"Y":80,"Z":559,"label":1,"score":1.0,"xcenter":141,"xmax":0.64599609375,"xmin":0.3017578125,"ycenter":99,"ymax":0.513671875,"ymin":0.1470947265625},"faces":[{"X":-15,"Y":80,"Z":559,"label":1,"score":1.0,"xcenter":141,"xmax":0.64599609375,"xmin":0.3017578125,"ycenter":99,"ymax":0.513671875,"ymin":0.1470947265625}]}