{"best":{"X":17,"Y":69,"Z":560,"label":1,"score":1.0,"xcenter":162,"xmax":0.70458984375,"xmin":0.38134765625,"ycenter":106,"ymax":0.54638671875,"ymin":0.1661376953125},"faces":[{"X":17,"Y":69,"Z":560,"label":1,"score":1.0,"xcenter":162,"xmax":0.70458984375,"xmin":0.38134765625,"ycenter":106,"ymax":0.54638671875,"ymin":0.1661376953125}]}