{"best":{"X":-3,"Y":79,"Z":555,"label":1,"score":1.0,"xcenter":148,"xmax":0.66796875,"xmin":0.32373046875,"ycenter":99,"ymax":0.51611328125,"ymin":0.1527099609375},"faces":[{"X":-3,"Y":79,"Z":555,"label":1,"score":1.0,"xcenter":148,"xmax":0.66796875,"xmin":0.32373046875,"ycenter":99,"ymax":0.51611328125,"ymin":0.1527099609375}]}