{"best":{"X":2,"Y":53,"Z":669,"label":1,"score":1.0,"xcenter":152,"xmax":0.65478515625,"xmin":0.36572265625,"ycenter":122,"ymax":0.5615234375,"ymin":0.25390625},"faces":[{"X":2,"Y":53,"Z":669,"label":1,"score":1.0,"xcenter":152,"xmax":0.65478515625,"xmin":0.36572265625,"ycenter":122,"ymax":0.5615234375,"ymin":0.25390625}]}