{"best":{"X":76,"Y":53,"Z":594,"label":1,"score":1.0,"xcenter":197,"xmax":0.818359375,"xmin":0.5009765625,"ycenter":118,"ymax":0.5791015625,"ymin":0.215576171875},"faces":[{"X":76,"Y":53,"Z":594,"label":1,"score":1.0,"xcenter":197,"xmax":0.818359375,"xmin":0.5009765625,"ycenter":118,"ymax":0.5791015625,"ymin":0.215576171875}]}