{"best":{"X":8,"Y":68,"Z":553,"label":1,"score":1.0,"xcenter":156,"xmax":0.6904296875,"xmin":0.353759765625,"ycenter":106,"ymax":0.5537109375,"ymin":0.157470703125},"faces":[{"X":8,"Y":68,"Z":553,"label":1,"score":1.0,"xcenter":156,"xmax":0.6904296875,"xmin":0.353759765625,"ycenter":106,"ymax":0.5537109375,"ymin":0.157470703125}]}