{"best":{"X":30,"Y":62,"Z":556,"label":1,"score":1.0,"xcenter":170,"xmax":0.74560546875,"xmin":0.39404296875,"ycenter":110,"ymax":0.56201171875,"ymin":0.1773681640625},"faces":[{"X":30,"Y":62,"Z":556,"label":1,"score":1.0,"xcenter":170,"xmax":0.74560546875,"xmin":0.39404296875,"ycenter":110,"ymax":0.56201171875,"ymin":0.1773681640625}]}