{"best":{"X":12,"Y":62,"Z":581,"label":1,"score":1.0,"xcenter":158,"xmax":0.6953125,"xmin":0.365234375,"ycenter":112,"ymax":0.5654296875,"ymin":0.183837890625},"faces":[{"X":12,"Y":62,"Z":581,"label":1,"score":1.0,"xcenter":158,"xmax":0.6953125,"xmin":0.365234375,"ycenter":112,"ymax":0.5654296875,"ymin":0.183837890625}]}