{"best":{"X":-10,"Y":71,"Z":569,"label":1,"score":1.0,"xcenter":144,"xmax":0.6533203125,"xmin":0.314208984375,"ycenter":105,"ymax":0.537109375,"ymin":0.1693115234375},"faces":[{"X":-10,"Y":71,"Z":569,"label":1,"score":1.0,"xcenter":144,"xmax":0.6533203125,"xmin":0.314208984375,"ycenter":105,"ymax":0.537109375,"ymin":0.1693115234375}]}