{"best":{"X":49,"Y":54,"Z":570,"label":1,"score":1.0,"xcenter":182,"xmax":0.78271484375,"xmin":0.43994140625,"ycenter":116,"ymax":0.576171875,"ymin":0.204345703125},"faces":[{"X":49,"Y":54,"Z":570,"label":1,"score":1.0,"xcenter":182,"xmax":0.78271484375,"xmin":0.43994140625,"ycenter":116,"ymax":0.576171875,"ymin":0.204345703125}]}