{"best":{"X":-80,"Y":57,"Z":343,"label":1,"score":0.99560546875,"xcenter":67,"xmax":0.45849609375,"xmin":-0.0086669921875,"ycenter":90,"ymax":0.6015625,"ymin":0.005126953125},"faces":[{"X":-80,"Y":57,"Z":343,"label":1,"score":0.99560546875,"xcenter":67,"xmax":0.45849609375,"xmin":-0.0086669921875,"ycenter":90,"ymax":0.6015625,"ymin":0.005126953125}]}