{"best":{"X":-15,"Y":74,"Z":573,"label":1,"score":1.0,"xcenter":141,"xmax":0.64111328125,"xmin":0.3037109375,"ycenter":104,"ymax":0.529296875,"ymin":0.1700439453125},"faces":[{"X":-15,"Y":74,"Z":573,"label":1,"score":1.0,"xcenter":141,"xmax":0.64111328125,"xmin":0.3037109375,"ycenter":104,"ymax":0.529296875,"ymin":0.1700439453125}]}