{"best":{"X":-50,"Y":77,"Z":573,"label":1,"score":1.0,"xcenter":119,"xmax":0.5732421875,"xmin":0.22998046875,"ycenter":102,"ymax":0.50732421875,"ymin":0.1746826171875},"faces":[{"X":-50,"Y":77,"Z":573,"label":1,"score":1.0,"xcenter":119,"xmax":0.5732421875,"xmin":0.22998046875,"ycenter":102,"ymax":0.50732421875,"ymin":0.1746826171875}]}