{"best":{"X":-78,"Y":76,"Z":377,"label":1,"score":1.0,"xcenter":76,"xmax":0.5087890625,"xmin":0.003173828125,"ycenter":78,"ymax":0.5263671875,"ymin":0.000732421875},"faces":[{"X":-78,"Y":76,"Z":377,"label":1,"score":1.0,"xcenter":76,"xmax":0.5087890625,"xmin":0.003173828125,"ycenter":78,"ymax":0.5263671875,"ymin":0.000732421875}]}