{"best":{"X":22,"Y":66,"Z":561,"label":1,"score":1.0,"xcenter":165,"xmax":0.71826171875,"xmin":0.38916015625,"ycenter":108,"ymax":0.5546875,"ymin":0.1728515625},"faces":[{"X":22,"Y":66,"Z":561,"label":1,"score":1.0,"xcenter":165,"xmax":0.71826171875,"xmin":0.38916015625,"ycenter":108,"ymax":0.5546875,"ymin":0.1728515625}]}