{"best":{"X":-77,"Y":64,"Z":345,"label":1,"score":0.9990234375,"xcenter":70,"xmax":0.47412109375,"xmin":-0.00537109375,"ycenter":84,"ymax":0.55859375,"ymin":0.007080078125},"faces":[{"X":-77,"Y":64,"Z":345,"label":1,"score":0.9990234375,"xcenter":70,"xmax":0.47412109375,"xmin":-0.00537109375,"ycenter":84,"ymax":0.55859375,"ymin":0.007080078125}]}