{"best":{"X":20,"Y":67,"Z":560,"label":1,"score":1.0,"xcenter":164,"xmax":0.71240234375,"xmin":0.38623046875,"ycenter":107,"ymax":0.54931640625,"ymin":0.1678466796875},"faces":[{"X":20,"Y":67,"Z":560,"label":1,"score":1.0,"xcenter":164,"xmax":0.71240234375,"xmin":0.38623046875,"ycenter":107,"ymax":0.54931640625,"ymin":0.1678466796875}]}