{"best":{"label":1,"score":1.0,"xcenter":149,"xmax":0.6640625,"xmin":0.33349609375,"ycenter":107,"ymax":0.5400390625,"ymin":0.177490234375},"faces":[{"label":1,"score":1.0,"xcenter":149,"xmax":0.6640625,"xmin":0.33349609375,"ycenter":107,"ymax":0.5400390625,"ymin":0.177490234375}]}