{"best":{"X":32,"Y":58,"Z":596,"label":1,"score":1.0,"xcenter":170,"xmax":0.74072265625,"xmin":0.39697265625,"ycenter":115,"ymax":0.5732421875,"ymin":0.201416015625},"faces":[{"X":32,"Y":58,"Z":596,"label":1,"score":1.0,"xcenter":170,"xmax":0.74072265625,"xmin":0.39697265625,"ycenter":115,"ymax":0.5732421875,"ymin":0.201416015625}]}