{"best":{"X":-9,"Y":66,"Z":609,"label":1,"score":1.0,"xcenter":145,"xmax":0.6513671875,"xmin":0.3193359375,"ycenter":111,"ymax":0.55224609375,"ymin":0.1951904296875},"faces":[{"X":-9,"Y":66,"Z":609,"label":1,"score":1.0,"xcenter":145,"xmax":0.6513671875,"xmin":0.3193359375,"ycenter":111,"ymax":0.55224609375,"ymin":0.1951904296875}]}