{"best":{"X":-35,"Y":75,"Z":496,"label":1,"score":1.0,"xcenter":125,"xmax":0.609375,"xmin":0.2308349609375,"ycenter":96,"ymax":0.5322265625,"ymin":0.115966796875},"faces":[{"X":-35,"Y":75,"Z":496,"label":1,"score":1.0,"xcenter":125,"xmax":0.609375,"xmin":0.2308349609375,"ycenter":96,"ymax":0.5322265625,"ymin":0.115966796875}]}