{"best":{"X":-8,"Y":71,"Z":570,"label":1,"score":1.0,"xcenter":145,"xmax":0.65234375,"xmin":0.3193359375,"ycenter":105,"ymax":0.5361328125,"ymin":0.1724853515625},"faces":[{"X":-8,"Y":71,"Z":570,"label":1,"score":1.0,"xcenter":145,"xmax":0.65234375,"xmin":0.3193359375,"ycenter":105,"ymax":0.5361328125,"ymin":0.1724853515625}]}