{"best":{"X":6,"Y":75,"Z":538,"label":1,"score":1.0,"xcenter":155,"xmax":0.68701171875,"xmin":0.34716796875,"ycenter":100,"ymax":0.52099609375,"ymin":0.1512451171875},"faces":[{"X":6,"Y":75,"Z":538,"label":1,"score":1.0,"xcenter":155,"xmax":0.68701171875,"xmin":0.34716796875,"ycenter":100,"ymax":0.52099609375,"ymin":0.1512451171875}]}