{"best":{"X":-79,"Y":68,"Z":356,"label":1,"score":0.99951171875,"xcenter":71,"xmax":0.47412109375,"xmin":-0.0020751953125,"ycenter":82,"ymax":0.54296875,"ymin":0.008056640625},"faces":[{"X":-79,"Y":68,"Z":356,"label":1,"score":0.99951171875,"xcenter":71,"xmax":0.47412109375,"xmin":-0.0020751953125,"ycenter":82,"ymax":0.54296875,"ymin":0.008056640625}]}