{"best":{"X":-16,"Y":73,"Z":564,"label":1,"score":1.0,"xcenter":140,"xmax":0.640625,"xmin":0.2978515625,"ycenter":104,"ymax":0.533203125,"ymin":0.1685791015625},"faces":[{"X":-16,"Y":73,"Z":564,"label":1,"score":1.0,"xcenter":140,"xmax":0.640625,"xmin":0.2978515625,"ycenter":104,"ymax":0.533203125,"ymin":0.1685791015625}]}