{"best":{"X":-19,"Y":69,"Z":564,"label":1,"score":1.0,"xcenter":138,"xmax":0.6416015625,"xmin":0.28466796875,"ycenter":106,"ymax":0.53515625,"ymin":0.1744384765625},"faces":[{"X":-19,"Y":69,"Z":564,"label":1,"score":1.0,"xcenter":138,"xmax":0.6416015625,"xmin":0.28466796875,"ycenter":106,"ymax":0.53515625,"ymin":0.1744384765625}]}