{"best":{"X":98,"Y":66,"Z":437,"label":1,"score":1.0,"xcenter":231,"xmax":0.9990234375,"xmin":0.546875,"ycenter":96,"ymax":0.56982421875,"ymin":0.0771484375},"faces":[{"X":98,"Y":66,"Z":437,"label":1,"score":1.0,"xcenter":231,"xmax":0.9990234375,"xmin":0.546875,"ycenter":96,"ymax":0.56982421875,"ymin":0.0771484375}]}