{"best":{"X":-50,"Y":866,"Z":7144,"label":1,"score":1.0,"xcenter":148,"xmax":0.6630859375,"xmin":0.33251953125,"ycenter":107,"ymax":0.5400390625,"ymin":0.178955078125},"faces":[{"X":-50,"Y":866,"Z":7144,"label":1,"score":1.0,"xcenter":148,"xmax":0.6630859375,"xmin":0.33251953125,"ycenter":107,"ymax":0.5400390625,"ymin":0.178955078125}]}