{"best":{"X":0,"Y":68,"Z":567,"label":1,"score":1.0,"xcenter":151,"xmax":0.6748046875,"xmin":0.337890625,"ycenter":107,"ymax":0.5478515625,"ymin":0.1705322265625},"faces":[{"X":0,"Y":68,"Z":567,"label":1,"score":1.0,"xcenter":151,"xmax":0.6748046875,"xmin":0.337890625,"ycenter":107,"ymax":0.5478515625,"ymin":0.1705322265625}]}