{"best":{"X":-2,"Y":70,"Z":568,"label":1,"score":1.0,"xcenter":149,"xmax":0.66357421875,"xmin":0.33203125,"ycenter":106,"ymax":0.537109375,"ymin":0.1715087890625},"faces":[{"X":-2,"Y":70,"Z":568,"label":1,"score":1.0,"xcenter":149,"xmax":0.66357421875,"xmin":0.33203125,"ycenter":106,"ymax":0.537109375,"ymin":0.1715087890625}]}