{"best":{"X":86,"Y":73,"Z":490,"label":1,"score":1.0,"xcenter":214,"xmax":0.93212890625,"xmin":0.49755859375,"ycenter":97,"ymax":0.5400390625,"ymin":0.113037109375},"faces":[{"X":86,"Y":73,"Z":490,"label":1,"score":1.0,"xcenter":214,"xmax":0.93212890625,"xmin":0.49755859375,"ycenter":97,"ymax":0.5400390625,"ymin":0.113037109375}]}