{"best":{"X":79,"Y":50,"Z":599,"label":1,"score":1.0,"xcenter":198,"xmax":0.8203125,"xmin":0.5048828125,"ycenter":120,"ymax":0.58740234375,"ymin":0.2171630859375},"faces":[{"X":79,"Y":50,"Z":599,"label":1,"score":1.0,"xcenter":198,"xmax":0.8203125,"xmin":0.5048828125,"ycenter":120,"ymax":0.58740234375,"ymin":0.2171630859375}]}