{"best":{"X":-70,"Y":82,"Z":408,"label":1,"score":1.0,"xcenter":89,"xmax":0.5166015625,"xmin":0.081298828125,"ycenter":78,"ymax":0.5146484375,"ymin":0.009521484375},"faces":[{"X":-70,"Y":82,"Z":408,"label":1,"score":1.0,"xcenter":89,"xmax":0.5166015625,"xmin":0.081298828125,"ycenter":78,"ymax":0.5146484375,"ymin":0.009521484375}]}