{"best":{"X":0,"Y":57,"Z":654,"label":1,"score":0.99951171875,"xcenter":150,"xmax":0.65478515625,"xmin":0.35302734375,"ycenter":119,"ymax":0.56005859375,"ymin":0.23681640625},"faces":[{"X":0,"Y":57,"Z":654,"label":1,"score":0.99951171875,"xcenter":150,"xmax":0.65478515625,"xmin":0.35302734375,"ycenter":119,"ymax":0.56005859375,"ymin":0.23681640625}]}