{"best":{"X":71,"Y":59,"Z":354,"label":1,"score":1.0,"xcenter":223,"xmax":1.0,"xmin":0.48876953125,"ycenter":90,"ymax":0.59375,"ymin":0.009765625},"faces":[{"X":71,"Y":59,"Z":354,"label":1,"score":1.0,"xcenter":223,"xmax":1.0,"xmin":0.48876953125,"ycenter":90,"ymax":0.59375,"ymin":0.009765625}]}