{"best":{"X":13,"Y":65,"Z":567,"label":1,"score":1.0,"xcenter":159,"xmax":0.7060546875,"xmin":0.363037109375,"ycenter":109,"ymax":0.544921875,"ymin":0.187255859375},"faces":[{"X":13,"Y":65,"Z":567,"label":1,"score":1.0,"xcenter":159,"xmax":0.7060546875,"xmin":0.363037109375,"ycenter":109,"ymax":0.544921875,"ymin":0.187255859375}]}