{"best":{"X":10,"Y":62,"Z":604,"label":1,"score":1.0,"xcenter":157,"xmax":0.6845703125,"xmin":0.3671875,"ycenter":113,"ymax":0.5595703125,"ymin":0.2030029296875},"faces":[{"X":10,"Y":62,"Z":604,"label":1,"score":1.0,"xcenter":157,"xmax":0.6845703125,"xmin":0.3671875,"ycenter":113,"ymax":0.5595703125,"ymin":0.2030029296875}]}