{"best":{"X":-89,"Y":63,"Z":368,"label":1,"score":0.9853515625,"xcenter":64,"xmax":0.43505859375,"xmin":-0.0062255859375,"ycenter":89,"ymax":0.6083984375,"ymin":-0.014892578125},"faces":[{"X":-89,"Y":63,"Z":368,"label":1,"score":0.9853515625,"xcenter":64,"xmax":0.43505859375,"xmin":-0.0062255859375,"ycenter":89,"ymax":0.6083984375,"ymin":-0.014892578125}]}