{"best":{"X":45,"Y":67,"Z":570,"label":1,"score":1.0,"xcenter":179,"xmax":0.76708984375,"xmin":0.42822265625,"ycenter":108,"ymax":0.55029296875,"ymin":0.1766357421875},"faces":[{"X":45,"Y":67,"Z":570,"label":1,"score":1.0,"xcenter":179,"xmax":0.76708984375,"xmin":0.42822265625,"ycenter":108,"ymax":0.55029296875,"ymin":0.1766357421875}]}