{"best":{"X":25,"Y":70,"Z":557,"label":1,"score":1.0,"xcenter":167,"xmax":0.72412109375,"xmin":0.39111328125,"ycenter":105,"ymax":0.5400390625,"ymin":0.1661376953125},"faces":[{"X":25,"Y":70,"Z":557,"label":1,"score":1.0,"xcenter":167,"xmax":0.72412109375,"xmin":0.39111328125,"ycenter":105,"ymax":0.5400390625,"ymin":0.1661376953125}]}