{"best":{"X":-6,"Y":70,"Z":577,"label":1,"score":1.0,"xcenter":147,"xmax":0.65625,"xmin":0.3291015625,"ycenter":107,"ymax":0.55224609375,"ymin":0.1690673828125},"faces":[{"X":-6,"Y":70,"Z":577,"label":1,"score":1.0,"xcenter":147,"xmax":0.65625,"xmin":0.3291015625,"ycenter":107,"ymax":0.55224609375,"ymin":0.1690673828125}]}