{"best":{"X":72,"Y":60,"Z":542,"label":1,"score":1.0,"xcenter":198,"xmax":0.83984375,"xmin":0.488525390625,"ycenter":110,"ymax":0.55908203125,"ymin":0.1771240234375},"faces":[{"X":72,"Y":60,"Z":542,"label":1,"score":1.0,"xcenter":198,"xmax":0.83984375,"xmin":0.488525390625,"ycenter":110,"ymax":0.55908203125,"ymin":0.1771240234375}]}