{"best":{"X":7,"Y":66,"Z":577,"label":1,"score":1.0,"xcenter":155,"xmax":0.68505859375,"xmin":0.35107421875,"ycenter":109,"ymax":0.560546875,"ymin":0.172119140625},"faces":[{"X":7,"Y":66,"Z":577,"label":1,"score":1.0,"xcenter":155,"xmax":0.68505859375,"xmin":0.35107421875,"ycenter":109,"ymax":0.560546875,"ymin":0.172119140625}]}