{"best":{"X":60,"Y":72,"Z":402,"label":1,"score":1.0,"xcenter":204,"xmax":0.9072265625,"xmin":0.455078125,"ycenter":86,"ymax":0.53515625,"ymin":0.042236328125},"faces":[{"X":60,"Y":72,"Z":402,"label":1,"score":1.0,"xcenter":204,"xmax":0.9072265625,"xmin":0.455078125,"ycenter":86,"ymax":0.53515625,"ymin":0.042236328125}]}