{"best":{"X":-33,"Y":67,"Z":536,"label":1,"score":1.0,"xcenter":128,"xmax":0.6103515625,"xmin":0.24560546875,"ycenter":105,"ymax":0.552734375,"ymin":0.1531982421875},"faces":[{"X":-33,"Y":67,"Z":536,"label":1,"score":1.0,"xcenter":128,"xmax":0.6103515625,"xmin":0.24560546875,"ycenter":105,"ymax":0.552734375,"ymin":0.1531982421875}]}