{"best":{"X":-7,"Y":72,"Z":578,"label":1,"score":1.0,"xcenter":146,"xmax":0.6513671875,"xmin":0.325927734375,"ycenter":105,"ymax":0.53173828125,"ymin":0.1710205078125},"faces":[{"X":-7,"Y":72,"Z":578,"label":1,"score":1.0,"xcenter":146,"xmax":0.6513671875,"xmin":0.325927734375,"ycenter":105,"ymax":0.53173828125,"ymin":0.1710205078125}]}