{"best":{"X":-19,"Y":73,"Z":570,"label":1,"score":1.0,"xcenter":138,"xmax":0.6337890625,"xmin":0.28955078125,"ycenter":104,"ymax":0.5283203125,"ymin":0.169677734375},"faces":[{"X":-19,"Y":73,"Z":570,"label":1,"score":1.0,"xcenter":138,"xmax":0.6337890625,"xmin":0.28955078125,"ycenter":104,"ymax":0.5283203125,"ymin":0.169677734375}]}