{"best":{"X":52,"Y":64,"Z":575,"label":1,"score":1.0,"xcenter":183,"xmax":0.783203125,"xmin":0.4404296875,"ycenter":110,"ymax":0.5546875,"ymin":0.185302734375},"faces":[{"X":52,"Y":64,"Z":575,"label":1,"score":1.0,"xcenter":183,"xmax":0.783203125,"xmin":0.4404296875,"ycenter":110,"ymax":0.5546875,"ymin":0.185302734375}]}