{"best":{"X":-90,"Y":71,"Z":373,"label":1,"score":0.998046875,"xcenter":64,"xmax":0.43017578125,"xmin":-0.0035400390625,"ycenter":82,"ymax":0.54296875,"ymin":0.012939453125},"faces":[{"X":-90,"Y":71,"Z":373,"label":1,"score":0.998046875,"xcenter":64,"xmax":0.43017578125,"xmin":-0.0035400390625,"ycenter":82,"ymax":0.54296875,"ymin":0.012939453125}]}