{"best":{"X":32,"Y":66,"Z":568,"label":1,"score":1.0,"xcenter":171,"xmax":0.74609375,"xmin":0.3984375,"ycenter":108,"ymax":0.55615234375,"ymin":0.1669921875},"faces":[{"X":32,"Y":66,"Z":568,"label":1,"score":1.0,"xcenter":171,"xmax":0.74609375,"xmin":0.3984375,"ycenter":108,"ymax":0.55615234375,"ymin":0.1669921875}]}