{"best":{"X":-142,"Y":61,"Z":601,"label":1,"score":1.0,"xcenter":66,"xmax":0.392578125,"xmin":0.0533447265625,"ycenter":114,"ymax":0.552734375,"ymin":0.2149658203125},"faces":[{"X":-142,"Y":61,"Z":601,"label":1,"score":1.0,"xcenter":66,"xmax":0.392578125,"xmin":0.0533447265625,"ycenter":114,"ymax":0.552734375,"ymin":0.2149658203125}]}