{"best":{"X":44,"Y":64,"Z":584,"label":1,"score":1.0,"xcenter":178,"xmax":0.7607421875,"xmin":0.431640625,"ycenter":111,"ymax":0.5546875,"ymin":0.19140625},"faces":[{"X":44,"Y":64,"Z":584,"label":1,"score":1.0,"xcenter":178,"xmax":0.7607421875,"xmin":0.431640625,"ycenter":111,"ymax":0.5546875,"ymin":0.19140625}]}