{"best":{"X":37,"Y":72,"Z":579,"label":1,"score":1.0,"xcenter":174,"xmax":0.7509765625,"xmin":0.416259765625,"ycenter":105,"ymax":0.53515625,"ymin":0.16943359375},"faces":[{"X":37,"Y":72,"Z":579,"label":1,"score":1.0,"xcenter":174,"xmax":0.7509765625,"xmin":0.416259765625,"ycenter":105,"ymax":0.53515625,"ymin":0.16943359375}]}