{"best":{"X":-19,"Y":83,"Z":416,"label":1,"score":1.0,"xcenter":134,"xmax":0.66259765625,"xmin":0.2353515625,"ycenter":78,"ymax":0.499267578125,"ymin":0.023681640625},"faces":[{"X":-19,"Y":83,"Z":416,"label":1,"score":1.0,"xcenter":134,"xmax":0.66259765625,"xmin":0.2353515625,"ycenter":78,"ymax":0.499267578125,"ymin":0.023681640625}]}