{"best":{"X":-24,"Y":73,"Z":566,"label":1,"score":1.0,"xcenter":135,"xmax":0.623046875,"xmin":0.28515625,"ycenter":104,"ymax":0.52685546875,"ymin":0.1690673828125},"faces":[{"X":-24,"Y":73,"Z":566,"label":1,"score":1.0,"xcenter":135,"xmax":0.623046875,"xmin":0.28515625,"ycenter":104,"ymax":0.52685546875,"ymin":0.1690673828125}]}