{"best":{"X":52,"Y":61,"Z":577,"label":1,"score":1.0,"xcenter":183,"xmax":0.783203125,"xmin":0.445068359375,"ycenter":112,"ymax":0.56201171875,"ymin":0.1876220703125},"faces":[{"X":52,"Y":61,"Z":577,"label":1,"score":1.0,"xcenter":183,"xmax":0.783203125,"xmin":0.445068359375,"ycenter":112,"ymax":0.56201171875,"ymin":0.1876220703125}]}