{"best":{"X":-39,"Y":75,"Z":571,"label":1,"score":1.0,"xcenter":126,"xmax":0.591796875,"xmin":0.253662109375,"ycenter":103,"ymax":0.5166015625,"ymin":0.175537109375},"faces":[{"X":-39,"Y":75,"Z":571,"label":1,"score":1.0,"xcenter":126,"xmax":0.591796875,"xmin":0.253662109375,"ycenter":103,"ymax":0.5166015625,"ymin":0.175537109375}]}