{"best":{"X":-6,"Y":72,"Z":578,"label":1,"score":1.0,"xcenter":147,"xmax":0.65625,"xmin":0.32861328125,"ycenter":105,"ymax":0.53955078125,"ymin":0.16943359375},"faces":[{"X":-6,"Y":72,"Z":578,"label":1,"score":1.0,"xcenter":147,"xmax":0.65625,"xmin":0.32861328125,"ycenter":105,"ymax":0.53955078125,"ymin":0.16943359375}]}