{"best":{"X":-114,"Y":65,"Z":582,"label":1,"score":1.0,"xcenter":80,"xmax":0.4423828125,"xmin":0.0965576171875,"ycenter":110,"ymax":0.54248046875,"ymin":0.1966552734375},"faces":[{"X":-114,"Y":65,"Z":582,"label":1,"score":1.0,"xcenter":80,"xmax":0.4423828125,"xmin":0.0965576171875,"ycenter":110,"ymax":0.54248046875,"ymin":0.1966552734375}]}