{"best":{"X":-31,"Y":67,"Z":545,"label":1,"score":1.0,"xcenter":130,"xmax":0.61376953125,"xmin":0.2568359375,"ycenter":106,"ymax":0.5546875,"ymin":0.1590576171875},"faces":[{"X":-31,"Y":67,"Z":545,"label":1,"score":1.0,"xcenter":130,"xmax":0.61376953125,"xmin":0.2568359375,"ycenter":106,"ymax":0.5546875,"ymin":0.1590576171875}]}