{"best":{"X":-32,"Y":70,"Z":569,"label":1,"score":1.0,"xcenter":130,"xmax":0.6044921875,"xmin":0.26806640625,"ycenter":106,"ymax":0.54150390625,"ymin":0.1707763671875},"faces":[{"X":-32,"Y":70,"Z":569,"label":1,"score":1.0,"xcenter":130,"xmax":0.6044921875,"xmin":0.26806640625,"ycenter":106,"ymax":0.54150390625,"ymin":0.1707763671875}]}