{"best":{"X":-50,"Y":75,"Z":519,"label":1,"score":1.0,"xcenter":116,"xmax":0.57470703125,"xmin":0.2022705078125,"ycenter":98,"ymax":0.52685546875,"ymin":0.1273193359375},"faces":[{"X":-50,"Y":75,"Z":519,"label":1,"score":1.0,"xcenter":116,"xmax":0.57470703125,"xmin":0.2022705078125,"ycenter":98,"ymax":0.52685546875,"ymin":0.1273193359375}]}