{"best":{"X":48,"Y":72,"Z":453,"label":1,"score":1.0,"xcenter":189,"xmax":0.83544921875,"xmin":0.43310546875,"ycenter":93,"ymax":0.5234375,"ymin":0.099365234375},"faces":[{"X":48,"Y":72,"Z":453,"label":1,"score":1.0,"xcenter":189,"xmax":0.83544921875,"xmin":0.43310546875,"ycenter":93,"ymax":0.5234375,"ymin":0.099365234375}]}