{"best":{"X":10,"Y":66,"Z":576,"label":1,"score":1.0,"xcenter":157,"xmax":0.69091796875,"xmin":0.36279296875,"ycenter":109,"ymax":0.55029296875,"ymin":0.1800537109375},"faces":[{"X":10,"Y":66,"Z":576,"label":1,"score":1.0,"xcenter":157,"xmax":0.69091796875,"xmin":0.36279296875,"ycenter":109,"ymax":0.55029296875,"ymin":0.1800537109375}]}