{"best":{"X":73,"Y":59,"Z":544,"label":1,"score":1.0,"xcenter":199,"xmax":0.84521484375,"xmin":0.48974609375,"ycenter":111,"ymax":0.55908203125,"ymin":0.1849365234375},"faces":[{"X":73,"Y":59,"Z":544,"label":1,"score":1.0,"xcenter":199,"xmax":0.84521484375,"xmin":0.48974609375,"ycenter":111,"ymax":0.55908203125,"ymin":0.1849365234375}]}