{"best":{"X":1,"Y":69,"Z":530,"label":1,"score":1.0,"xcenter":152,"xmax":0.68603515625,"xmin":0.33251953125,"ycenter":103,"ymax":0.541015625,"ymin":0.151611328125},"faces":[{"X":1,"Y":69,"Z":530,"label":1,"score":1.0,"xcenter":152,"xmax":0.68603515625,"xmin":0.33251953125,"ycenter":103,"ymax":0.541015625,"ymin":0.151611328125}]}