{"best":{"X":32,"Y":69,"Z":515,"label":1,"score":1.0,"xcenter":173,"xmax":0.7568359375,"xmin":0.4013671875,"ycenter":102,"ymax":0.5234375,"ymin":0.159423828125},"faces":[{"X":32,"Y":69,"Z":515,"label":1,"score":1.0,"xcenter":173,"xmax":0.7568359375,"xmin":0.4013671875,"ycenter":102,"ymax":0.5234375,"ymin":0.159423828125}]}