{"best":{"X":-28,"Y":79,"Z":505,"label":1,"score":1.0,"xcenter":130,"xmax":0.6123046875,"xmin":0.2587890625,"ycenter":94,"ymax":0.50390625,"ymin":0.12353515625},"faces":[{"X":-28,"Y":79,"Z":505,"label":1,"score":1.0,"xcenter":130,"xmax":0.6123046875,"xmin":0.2587890625,"ycenter":94,"ymax":0.50390625,"ymin":0.12353515625}]}