{"best":{"X":43,"Y":64,"Z":585,"label":1,"score":1.0,"xcenter":177,"xmax":0.759765625,"xmin":0.424072265625,"ycenter":111,"ymax":0.552734375,"ymin":0.1923828125},"faces":[{"X":43,"Y":64,"Z":585,"label":1,"score":1.0,"xcenter":177,"xmax":0.759765625,"xmin":0.424072265625,"ycenter":111,"ymax":0.552734375,"ymin":0.1923828125}]}