{"best":{"X":-81,"Y":60,"Z":343,"label":1,"score":0.9921875,"xcenter":66,"xmax":0.4521484375,"xmin":-0.0091552734375,"ycenter":87,"ymax":0.5927734375,"ymin":-0.01025390625},"faces":[{"X":-81,"Y":60,"Z":343,"label":1,"score":0.9921875,"xcenter":66,"xmax":0.4521484375,"xmin":-0.0091552734375,"ycenter":87,"ymax":0.5927734375,"ymin":-0.01025390625}]}