{"best":{"X":-31,"Y":75,"Z":574,"label":1,"score":1.0,"xcenter":131,"xmax":0.6064453125,"xmin":0.27001953125,"ycenter":103,"ymax":0.517578125,"ymin":0.1732177734375},"faces":[{"X":-31,"Y":75,"Z":574,"label":1,"score":1.0,"xcenter":131,"xmax":0.6064453125,"xmin":0.27001953125,"ycenter":103,"ymax":0.517578125,"ymin":0.1732177734375}]}