{"best":{"X":-2,"Y":69,"Z":524,"label":1,"score":1.0,"xcenter":149,"xmax":0.67578125,"xmin":0.32275390625,"ycenter":103,"ymax":0.5341796875,"ymin":0.158447265625},"faces":[{"X":-2,"Y":69,"Z":524,"label":1,"score":1.0,"xcenter":149,"xmax":0.67578125,"xmin":0.32275390625,"ycenter":103,"ymax":0.5341796875,"ymin":0.158447265625}]}