{"best":{"X":-22,"Y":84,"Z":404,"label":1,"score":1.0,"xcenter":131,"xmax":0.65625,"xmin":0.221923828125,"ycenter":75,"ymax":0.492919921875,"ymin":0.014404296875},"faces":[{"X":-22,"Y":84,"Z":404,"label":1,"score":1.0,"xcenter":131,"xmax":0.65625,"xmin":0.221923828125,"ycenter":75,"ymax":0.492919921875,"ymin":0.014404296875}]}