{"best":{"X":-7,"Y":69,"Z":565,"label":1,"score":1.0,"xcenter":146,"xmax":0.6552734375,"xmin":0.322998046875,"ycenter":106,"ymax":0.5458984375,"ymin":0.1690673828125},"faces":[{"X":-7,"Y":69,"Z":565,"label":1,"score":1.0,"xcenter":146,"xmax":0.6552734375,"xmin":0.322998046875,"ycenter":106,"ymax":0.5458984375,"ymin":0.1690673828125}]}