{"best":{"X":-23,"Y":73,"Z":565,"label":1,"score":1.0,"xcenter":136,"xmax":0.62890625,"xmin":0.2861328125,"ycenter":104,"ymax":0.5322265625,"ymin":0.168212890625},"faces":[{"X":-23,"Y":73,"Z":565,"label":1,"score":1.0,"xcenter":136,"xmax":0.62890625,"xmin":0.2861328125,"ycenter":104,"ymax":0.5322265625,"ymin":0.168212890625}]}