{"best":{"X":35,"Y":72,"Z":547,"label":1,"score":1.0,"xcenter":174,"xmax":0.7587890625,"xmin":0.4072265625,"ycenter":103,"ymax":0.5322265625,"ymin":0.1572265625},"faces":[{"X":35,"Y":72,"Z":547,"label":1,"score":1.0,"xcenter":174,"xmax":0.7587890625,"xmin":0.4072265625,"ycenter":103,"ymax":0.5322265625,"ymin":0.1572265625}]}