{"best":{"X":-2,"Y":66,"Z":575,"label":1,"score":1.0,"xcenter":149,"xmax":0.66357421875,"xmin":0.33154296875,"ycenter":109,"ymax":0.55712890625,"ymin":0.1759033203125},"faces":[{"X":-2,"Y":66,"Z":575,"label":1,"score":1.0,"xcenter":149,"xmax":0.66357421875,"xmin":0.33154296875,"ycenter":109,"ymax":0.55712890625,"ymin":0.1759033203125}]}