{"best":{"X":8,"Y":70,"Z":570,"label":1,"score":1.0,"xcenter":156,"xmax":0.6875,"xmin":0.353759765625,"ycenter":106,"ymax":0.54443359375,"ymin":0.1685791015625},"faces":[{"X":8,"Y":70,"Z":570,"label":1,"score":1.0,"xcenter":156,"xmax":0.6875,"xmin":0.353759765625,"ycenter":106,"ymax":0.54443359375,"ymin":0.1685791015625}]}