{"best":{"X":59,"Y":55,"Z":564,"label":1,"score":1.0,"xcenter":188,"xmax":0.79833984375,"xmin":0.45751953125,"ycenter":115,"ymax":0.57763671875,"ymin":0.1939697265625},"faces":[{"X":59,"Y":55,"Z":564,"label":1,"score":1.0,"xcenter":188,"xmax":0.79833984375,"xmin":0.45751953125,"ycenter":115,"ymax":0.57763671875,"ymin":0.1939697265625}]}