{"best":{"X":2,"Y":62,"Z":613,"label":1,"score":0.99951171875,"xcenter":152,"xmax":0.66748046875,"xmin":0.35107421875,"ycenter":114,"ymax":0.5537109375,"ymin":0.211181640625},"faces":[{"X":2,"Y":62,"Z":613,"label":1,"score":0.99951171875,"xcenter":152,"xmax":0.66748046875,"xmin":0.35107421875,"ycenter":114,"ymax":0.5537109375,"ymin":0.211181640625}]}