{"best":{"X":8,"Y":66,"Z":575,"label":1,"score":1.0,"xcenter":156,"xmax":0.6884765625,"xmin":0.359130859375,"ycenter":109,"ymax":0.5517578125,"ymin":0.1767578125},"faces":[{"X":8,"Y":66,"Z":575,"label":1,"score":1.0,"xcenter":156,"xmax":0.6884765625,"xmin":0.359130859375,"ycenter":109,"ymax":0.5517578125,"ymin":0.1767578125}]}