{"best":{"X":1,"Y":67,"Z":539,"label":1,"score":1.0,"xcenter":152,"xmax":0.68505859375,"xmin":0.33251953125,"ycenter":105,"ymax":0.54443359375,"ymin":0.1575927734375},"faces":[{"X":1,"Y":67,"Z":539,"label":1,"score":1.0,"xcenter":152,"xmax":0.68505859375,"xmin":0.33251953125,"ycenter":105,"ymax":0.54443359375,"ymin":0.1575927734375}]}