{"best":{"X":46,"Y":68,"Z":580,"label":1,"score":1.0,"xcenter":179,"xmax":0.76953125,"xmin":0.4296875,"ycenter":108,"ymax":0.541015625,"ymin":0.1812744140625},"faces":[{"X":46,"Y":68,"Z":580,"label":1,"score":1.0,"xcenter":179,"xmax":0.76953125,"xmin":0.4296875,"ycenter":108,"ymax":0.541015625,"ymin":0.1812744140625}]}