{"best":{"X":-6,"Y":71,"Z":579,"label":1,"score":1.0,"xcenter":147,"xmax":0.65576171875,"xmin":0.33154296875,"ycenter":106,"ymax":0.537109375,"ymin":0.1705322265625},"faces":[{"X":-6,"Y":71,"Z":579,"label":1,"score":1.0,"xcenter":147,"xmax":0.65576171875,"xmin":0.33154296875,"ycenter":106,"ymax":0.537109375,"ymin":0.1705322265625}]}