{"best":{"X":-7,"Y":71,"Z":564,"label":1,"score":1.0,"xcenter":146,"xmax":0.65673828125,"xmin":0.3232421875,"ycenter":105,"ymax":0.53955078125,"ymin":0.1697998046875},"faces":[{"X":-7,"Y":71,"Z":564,"label":1,"score":1.0,"xcenter":146,"xmax":0.65673828125,"xmin":0.3232421875,"ycenter":105,"ymax":0.53955078125,"ymin":0.1697998046875}]}