{"best":{"X":10,"Y":66,"Z":576,"label":1,"score":1.0,"xcenter":157,"xmax":0.69091796875,"xmin":0.36083984375,"ycenter":109,"ymax":0.5546875,"ymin":0.179443359375},"faces":[{"X":10,"Y":66,"Z":576,"label":1,"score":1.0,"xcenter":157,"xmax":0.69091796875,"xmin":0.36083984375,"ycenter":109,"ymax":0.5546875,"ymin":0.179443359375}]}