{"best":{"X":44,"Y":70,"Z":480,"label":1,"score":1.0,"xcenter":184,"xmax":0.8046875,"xmin":0.423828125,"ycenter":98,"ymax":0.51953125,"ymin":0.1395263671875},"faces":[{"X":44,"Y":70,"Z":480,"label":1,"score":1.0,"xcenter":184,"xmax":0.8046875,"xmin":0.423828125,"ycenter":98,"ymax":0.51953125,"ymin":0.1395263671875}]}