{"best":{"X":-3,"Y":71,"Z":520,"label":1,"score":1.0,"xcenter":148,"xmax":0.6748046875,"xmin":0.315673828125,"ycenter":101,"ymax":0.53125,"ymin":0.1474609375},"faces":[{"X":-3,"Y":71,"Z":520,"label":1,"score":1.0,"xcenter":148,"xmax":0.6748046875,"xmin":0.315673828125,"ycenter":101,"ymax":0.53125,"ymin":0.1474609375}]}