{"best":{"X":49,"Y":61,"Z":576,"label":1,"score":1.0,"xcenter":181,"xmax":0.77197265625,"xmin":0.43701171875,"ycenter":112,"ymax":0.55078125,"ymin":0.199951171875},"faces":[{"X":49,"Y":61,"Z":576,"label":1,"score":1.0,"xcenter":181,"xmax":0.77197265625,"xmin":0.43701171875,"ycenter":112,"ymax":0.55078125,"ymin":0.199951171875}]}