{"best":{"X":29,"Y":70,"Z":520,"label":1,"score":1.0,"xcenter":171,"xmax":0.748046875,"xmin":0.397216796875,"ycenter":102,"ymax":0.5244140625,"ymin":0.162353515625},"faces":[{"X":29,"Y":70,"Z":520,"label":1,"score":1.0,"xcenter":171,"xmax":0.748046875,"xmin":0.397216796875,"ycenter":102,"ymax":0.5244140625,"ymin":0.162353515625}]}