{"best":{"X":17,"Y":69,"Z":560,"label":1,"score":1.0,"xcenter":162,"xmax":0.7041015625,"xmin":0.37890625,"ycenter":106,"ymax":0.546875,"ymin":0.1661376953125},"faces":[{"X":17,"Y":69,"Z":560,"label":1,"score":1.0,"xcenter":162,"xmax":0.7041015625,"xmin":0.37890625,"ycenter":106,"ymax":0.546875,"ymin":0.1661376953125}]}