{"best":{"X":8,"Y":67,"Z":571,"label":1,"score":1.0,"xcenter":156,"xmax":0.6875,"xmin":0.357421875,"ycenter":108,"ymax":0.552734375,"ymin":0.175537109375},"faces":[{"X":8,"Y":67,"Z":571,"label":1,"score":1.0,"xcenter":156,"xmax":0.6875,"xmin":0.357421875,"ycenter":108,"ymax":0.552734375,"ymin":0.175537109375}]}