{"best":{"X":-2,"Y":69,"Z":571,"label":1,"score":1.0,"xcenter":149,"xmax":0.6650390625,"xmin":0.331787109375,"ycenter":107,"ymax":0.55126953125,"ymin":0.1688232421875},"faces":[{"X":-2,"Y":69,"Z":571,"label":1,"score":1.0,"xcenter":149,"xmax":0.6650390625,"xmin":0.331787109375,"ycenter":107,"ymax":0.55126953125,"ymin":0.1688232421875}]}