{"best":{"X":42,"Y":76,"Z":577,"label":1,"score":1.0,"xcenter":177,"xmax":0.7646484375,"xmin":0.421875,"ycenter":103,"ymax":0.515625,"ymin":0.1778564453125},"faces":[{"X":42,"Y":76,"Z":577,"label":1,"score":1.0,"xcenter":177,"xmax":0.7646484375,"xmin":0.421875,"ycenter":103,"ymax":0.515625,"ymin":0.1778564453125}]}