{"best":{"X":18,"Y":61,"Z":597,"label":1,"score":1.0,"xcenter":162,"xmax":0.70654296875,"xmin":0.37939453125,"ycenter":113,"ymax":0.55322265625,"ymin":0.2080078125},"faces":[{"X":18,"Y":61,"Z":597,"label":1,"score":1.0,"xcenter":162,"xmax":0.70654296875,"xmin":0.37939453125,"ycenter":113,"ymax":0.55322265625,"ymin":0.2080078125}]}