{"best":{"X":5,"Y":69,"Z":569,"label":1,"score":1.0,"xcenter":154,"xmax":0.685546875,"xmin":0.349853515625,"ycenter":107,"ymax":0.54541015625,"ymin":0.1700439453125},"faces":[{"X":5,"Y":69,"Z":569,"label":1,"score":1.0,"xcenter":154,"xmax":0.685546875,"xmin":0.349853515625,"ycenter":107,"ymax":0.54541015625,"ymin":0.1700439453125}]}