{"best":{"X":23,"Y":66,"Z":564,"label":1,"score":1.0,"xcenter":165,"xmax":0.71875,"xmin":0.389892578125,"ycenter":108,"ymax":0.552734375,"ymin":0.1727294921875},"faces":[{"X":23,"Y":66,"Z":564,"label":1,"score":1.0,"xcenter":165,"xmax":0.71875,"xmin":0.389892578125,"ycenter":108,"ymax":0.552734375,"ymin":0.1727294921875}]}