{"best":{"X":-2,"Y":70,"Z":578,"label":1,"score":0.99951171875,"xcenter":149,"xmax":0.662109375,"xmin":0.33349609375,"ycenter":107,"ymax":0.54296875,"ymin":0.177978515625},"faces":[{"X":-2,"Y":70,"Z":578,"label":1,"score":0.99951171875,"xcenter":149,"xmax":0.662109375,"xmin":0.33349609375,"ycenter":107,"ymax":0.54296875,"ymin":0.177978515625}]}