{"best":{"X":17,"Y":67,"Z":560,"label":1,"score":1.0,"xcenter":162,"xmax":0.70458984375,"xmin":0.38134765625,"ycenter":107,"ymax":0.55322265625,"ymin":0.1646728515625},"faces":[{"X":17,"Y":67,"Z":560,"label":1,"score":1.0,"xcenter":162,"xmax":0.70458984375,"xmin":0.38134765625,"ycenter":107,"ymax":0.55322265625,"ymin":0.1646728515625}]}