{"best":{"X":-52,"Y":75,"Z":575,"label":1,"score":1.0,"xcenter":118,"xmax":0.5693359375,"xmin":0.22216796875,"ycenter":103,"ymax":0.5126953125,"ymin":0.180419921875},"faces":[{"X":-52,"Y":75,"Z":575,"label":1,"score":1.0,"xcenter":118,"xmax":0.5693359375,"xmin":0.22216796875,"ycenter":103,"ymax":0.5126953125,"ymin":0.180419921875}]}