{"best":{"X":-29,"Y":67,"Z":350,"label":1,"score":1.0,"xcenter":120,"xmax":0.658203125,"xmin":0.14990234375,"ycenter":81,"ymax":0.5361328125,"ymin":0.01025390625},"faces":[{"X":-29,"Y":67,"Z":350,"label":1,"score":1.0,"xcenter":120,"xmax":0.658203125,"xmin":0.14990234375,"ycenter":81,"ymax":0.5361328125,"ymin":0.01025390625}]}