{"best":{"X":50,"Y":64,"Z":578,"label":1,"score":1.0,"xcenter":182,"xmax":0.77978515625,"xmin":0.44287109375,"ycenter":110,"ymax":0.548828125,"ymin":0.1868896484375},"faces":[{"X":50,"Y":64,"Z":578,"label":1,"score":1.0,"xcenter":182,"xmax":0.77978515625,"xmin":0.44287109375,"ycenter":110,"ymax":0.548828125,"ymin":0.1868896484375}]}