{"best":{"X":-6,"Y":58,"Z":581,"label":1,"score":1.0,"xcenter":147,"xmax":0.6572265625,"xmin":0.32421875,"ycenter":114,"ymax":0.56787109375,"ymin":0.1982421875},"faces":[{"X":-6,"Y":58,"Z":581,"label":1,"score":1.0,"xcenter":147,"xmax":0.6572265625,"xmin":0.32421875,"ycenter":114,"ymax":0.56787109375,"ymin":0.1982421875}]}