{"best":{"X":53,"Y":71,"Z":543,"label":1,"score":1.0,"xcenter":186,"xmax":0.79345703125,"xmin":0.44677734375,"ycenter":103,"ymax":0.53759765625,"ymin":0.1556396484375},"faces":[{"X":53,"Y":71,"Z":543,"label":1,"score":1.0,"xcenter":186,"xmax":0.79345703125,"xmin":0.44677734375,"ycenter":103,"ymax":0.53759765625,"ymin":0.1556396484375}]}