{"best":{"X":28,"Y":74,"Z":577,"label":1,"score":1.0,"xcenter":168,"xmax":0.732421875,"xmin":0.3955078125,"ycenter":104,"ymax":0.5302734375,"ymin":0.16943359375},"faces":[{"X":28,"Y":74,"Z":577,"label":1,"score":1.0,"xcenter":168,"xmax":0.732421875,"xmin":0.3955078125,"ycenter":104,"ymax":0.5302734375,"ymin":0.16943359375}]}