{"best":{"X":-25,"Y":80,"Z":384,"label":1,"score":1.0,"xcenter":127,"xmax":0.65283203125,"xmin":0.1988525390625,"ycenter":75,"ymax":0.5,"ymin":0.0},"faces":[{"X":-25,"Y":80,"Z":384,"label":1,"score":1.0,"xcenter":127,"xmax":0.65283203125,"xmin":0.1988525390625,"ycenter":75,"ymax":0.5,"ymin":0.0}]}