{"best":{"X":81,"Y":77,"Z":508,"label":1,"score":1.0,"xcenter":208,"xmax":0.9052734375,"xmin":0.4892578125,"ycenter":96,"ymax":0.52880859375,"ymin":0.1195068359375},"faces":[{"X":81,"Y":77,"Z":508,"label":1,"score":1.0,"xcenter":208,"xmax":0.9052734375,"xmin":0.4892578125,"ycenter":96,"ymax":0.52880859375,"ymin":0.1195068359375}]}