{"best":{"X":-2,"Y":57,"Z":637,"label":1,"score":1.0,"xcenter":149,"xmax":0.65234375,"xmin":0.349853515625,"ycenter":118,"ymax":0.55029296875,"ymin":0.2418212890625},"faces":[{"X":-2,"Y":57,"Z":637,"label":1,"score":1.0,"xcenter":149,"xmax":0.65234375,"xmin":0.349853515625,"ycenter":118,"ymax":0.55029296875,"ymin":0.2418212890625}]}