{"best":{"X":-7,"Y":73,"Z":565,"label":1,"score":1.0,"xcenter":146,"xmax":0.654296875,"xmin":0.32275390625,"ycenter":104,"ymax":0.5322265625,"ymin":0.169921875},"faces":[{"X":-7,"Y":73,"Z":565,"label":1,"score":1.0,"xcenter":146,"xmax":0.654296875,"xmin":0.32275390625,"ycenter":104,"ymax":0.5322265625,"ymin":0.169921875}]}