{"best":{"X":98,"Y":70,"Z":450,"label":1,"score":1.0,"xcenter":229,"xmax":0.9853515625,"xmin":0.5458984375,"ycenter":94,"ymax":0.5458984375,"ymin":0.0872802734375},"faces":[{"X":98,"Y":70,"Z":450,"label":1,"score":1.0,"xcenter":229,"xmax":0.9853515625,"xmin":0.5458984375,"ycenter":94,"ymax":0.5458984375,"ymin":0.0872802734375}]}