{"best":{"X":-107,"Y":81,"Z":500,"label":1,"score":1.0,"xcenter":74,"xmax":0.4501953125,"xmin":0.0484619140625,"ycenter":92,"ymax":0.5283203125,"ymin":0.091064453125},"faces":[{"X":-107,"Y":81,"Z":500,"label":1,"score":1.0,"xcenter":74,"xmax":0.4501953125,"xmin":0.0484619140625,"ycenter":92,"ymax":0.5283203125,"ymin":0.091064453125}]}