{"best":{"X":-155,"Y":60,"Z":587,"label":1,"score":1.0,"xcenter":56,"xmax":0.3623046875,"xmin":0.0162353515625,"ycenter":113,"ymax":0.5537109375,"ymin":0.200927734375},"faces":[{"X":-155,"Y":60,"Z":587,"label":1,"score":1.0,"xcenter":56,"xmax":0.3623046875,"xmin":0.0162353515625,"ycenter":113,"ymax":0.5537109375,"ymin":0.200927734375}]}