{"best":{"X":71,"Y":73,"Z":514,"label":1,"score":1.0,"xcenter":200,"xmax":0.8671875,"xmin":0.4716796875,"ycenter":99,"ymax":0.5234375,"ymin":0.1378173828125},"faces":[{"X":71,"Y":73,"Z":514,"label":1,"score":1.0,"xcenter":200,"xmax":0.8671875,"xmin":0.4716796875,"ycenter":99,"ymax":0.5234375,"ymin":0.1378173828125}]}