{"best":{"X":-80,"Y":77,"Z":569,"label":1,"score":1.0,"xcenter":100,"xmax":0.509765625,"xmin":0.1630859375,"ycenter":102,"ymax":0.5166015625,"ymin":0.169189453125},"faces":[{"X":-80,"Y":77,"Z":569,"label":1,"score":1.0,"xcenter":100,"xmax":0.509765625,"xmin":0.1630859375,"ycenter":102,"ymax":0.5166015625,"ymin":0.169189453125}]}