{"best":{"X":-117,"Y":62,"Z":602,"label":1,"score":1.0,"xcenter":81,"xmax":0.4384765625,"xmin":0.1043701171875,"ycenter":113,"ymax":0.548828125,"ymin":0.2130126953125},"faces":[{"X":-117,"Y":62,"Z":602,"label":1,"score":1.0,"xcenter":81,"xmax":0.4384765625,"xmin":0.1043701171875,"ycenter":113,"ymax":0.548828125,"ymin":0.2130126953125}]}