{"best":{"X":-19,"Y":80,"Z":502,"label":1,"score":1.0,"xcenter":137,"xmax":0.6494140625,"xmin":0.272216796875,"ycenter":93,"ymax":0.52001953125,"ymin":0.1014404296875},"faces":[{"X":-19,"Y":80,"Z":502,"label":1,"score":1.0,"xcenter":137,"xmax":0.6494140625,"xmin":0.272216796875,"ycenter":93,"ymax":0.52001953125,"ymin":0.1014404296875}]}