{"best":{"X":-5,"Y":69,"Z":565,"label":1,"score":1.0,"xcenter":147,"xmax":0.65869140625,"xmin":0.32666015625,"ycenter":106,"ymax":0.544921875,"ymin":0.1671142578125},"faces":[{"X":-5,"Y":69,"Z":565,"label":1,"score":1.0,"xcenter":147,"xmax":0.65869140625,"xmin":0.32666015625,"ycenter":106,"ymax":0.544921875,"ymin":0.1671142578125}]}