{"best":{"X":-13,"Y":73,"Z":537,"label":1,"score":1.0,"xcenter":142,"xmax":0.64794921875,"xmin":0.30322265625,"ycenter":101,"ymax":0.5244140625,"ymin":0.15087890625},"faces":[{"X":-13,"Y":73,"Z":537,"label":1,"score":1.0,"xcenter":142,"xmax":0.64794921875,"xmin":0.30322265625,"ycenter":101,"ymax":0.5244140625,"ymin":0.15087890625}]}