{"best":{"X":-101,"Y":74,"Z":563,"label":1,"score":1.0,"xcenter":86,"xmax":0.462890625,"xmin":0.11572265625,"ycenter":103,"ymax":0.5185546875,"ymin":0.170166015625},"faces":[{"X":-101,"Y":74,"Z":563,"label":1,"score":1.0,"xcenter":86,"xmax":0.462890625,"xmin":0.11572265625,"ycenter":103,"ymax":0.5185546875,"ymin":0.170166015625}]}