{"best":{"X":-13,"Y":71,"Z":514,"label":1,"score":1.0,"xcenter":141,"xmax":0.6533203125,"xmin":0.292724609375,"ycenter":100,"ymax":0.53173828125,"ymin":0.1419677734375},"faces":[{"X":-13,"Y":71,"Z":514,"label":1,"score":1.0,"xcenter":141,"xmax":0.6533203125,"xmin":0.292724609375,"ycenter":100,"ymax":0.53173828125,"ymin":0.1419677734375}]}