{"best":{"X":4,"Y":62,"Z":611,"label":1,"score":1.0,"xcenter":153,"xmax":0.6748046875,"xmin":0.350341796875,"ycenter":114,"ymax":0.556640625,"ymin":0.210205078125},"faces":[{"X":4,"Y":62,"Z":611,"label":1,"score":1.0,"xcenter":153,"xmax":0.6748046875,"xmin":0.350341796875,"ycenter":114,"ymax":0.556640625,"ymin":0.210205078125}]}