{"best":{"X":-21,"Y":65,"Z":558,"label":1,"score":1.0,"xcenter":137,"xmax":0.63671875,"xmin":0.279296875,"ycenter":108,"ymax":0.55322265625,"ymin":0.1727294921875},"faces":[{"X":-21,"Y":65,"Z":558,"label":1,"score":1.0,"xcenter":137,"xmax":0.63671875,"xmin":0.279296875,"ycenter":108,"ymax":0.55322265625,"ymin":0.1727294921875}]}