{"best":{"X":5,"Y":67,"Z":575,"label":1,"score":1.0,"xcenter":154,"xmax":0.68359375,"xmin":0.349609375,"ycenter":108,"ymax":0.55712890625,"ymin":0.169921875},"faces":[{"X":5,"Y":67,"Z":575,"label":1,"score":1.0,"xcenter":154,"xmax":0.68359375,"xmin":0.349609375,"ycenter":108,"ymax":0.55712890625,"ymin":0.169921875}]}