{"best":{"X":-18,"Y":72,"Z":563,"label":1,"score":1.0,"xcenter":139,"xmax":0.638671875,"xmin":0.29345703125,"ycenter":104,"ymax":0.5322265625,"ymin":0.168212890625},"faces":[{"X":-18,"Y":72,"Z":563,"label":1,"score":1.0,"xcenter":139,"xmax":0.638671875,"xmin":0.29345703125,"ycenter":104,"ymax":0.5322265625,"ymin":0.168212890625}]}