{"best":{"X":57,"Y":63,"Z":582,"label":1,"score":1.0,"xcenter":186,"xmax":0.7880859375,"xmin":0.4560546875,"ycenter":111,"ymax":0.55859375,"ymin":0.1854248046875},"faces":[{"X":57,"Y":63,"Z":582,"label":1,"score":1.0,"xcenter":186,"xmax":0.7880859375,"xmin":0.4560546875,"ycenter":111,"ymax":0.55859375,"ymin":0.1854248046875}]}