{"best":{"X":49,"Y":72,"Z":462,"label":1,"score":1.0,"xcenter":189,"xmax":0.828125,"xmin":0.4375,"ycenter":94,"ymax":0.5166015625,"ymin":0.1162109375},"faces":[{"X":49,"Y":72,"Z":462,"label":1,"score":1.0,"xcenter":189,"xmax":0.828125,"xmin":0.4375,"ycenter":94,"ymax":0.5166015625,"ymin":0.1162109375}]}