{"best":{"X":-5,"Y":70,"Z":567,"label":1,"score":1.0,"xcenter":147,"xmax":0.65966796875,"xmin":0.3291015625,"ycenter":106,"ymax":0.5400390625,"ymin":0.168701171875},"faces":[{"X":-5,"Y":70,"Z":567,"label":1,"score":1.0,"xcenter":147,"xmax":0.65966796875,"xmin":0.3291015625,"ycenter":106,"ymax":0.5400390625,"ymin":0.168701171875}]}