{"best":{"X":-63,"Y":67,"Z":587,"label":1,"score":1.0,"xcenter":112,"xmax":0.55126953125,"xmin":0.1981201171875,"ycenter":109,"ymax":0.537109375,"ymin":0.192626953125},"faces":[{"X":-63,"Y":67,"Z":587,"label":1,"score":1.0,"xcenter":112,"xmax":0.55126953125,"xmin":0.1981201171875,"ycenter":109,"ymax":0.537109375,"ymin":0.192626953125}]}