{"best":{"X":-124,"Y":69,"Z":575,"label":1,"score":1.0,"xcenter":73,"xmax":0.4169921875,"xmin":0.0712890625,"ycenter":107,"ymax":0.5390625,"ymin":0.1827392578125},"faces":[{"X":-124,"Y":69,"Z":575,"label":1,"score":1.0,"xcenter":73,"xmax":0.4169921875,"xmin":0.0712890625,"ycenter":107,"ymax":0.5390625,"ymin":0.1827392578125}]}