{"best":{"X":-46,"Y":78,"Z":399,"label":1,"score":1.0,"xcenter":109,"xmax":0.60595703125,"xmin":0.1263427734375,"ycenter":80,"ymax":0.5322265625,"ymin":0.004150390625},"faces":[{"X":-46,"Y":78,"Z":399,"label":1,"score":1.0,"xcenter":109,"xmax":0.60595703125,"xmin":0.1263427734375,"ycenter":80,"ymax":0.5322265625,"ymin":0.004150390625}]}