{"best":{"X":-106,"Y":83,"Z":450,"label":1,"score":1.0,"xcenter":66,"xmax":0.43896484375,"xmin":0.0064697265625,"ycenter":84,"ymax":0.5439453125,"ymin":0.022216796875},"faces":[{"X":-106,"Y":83,"Z":450,"label":1,"score":1.0,"xcenter":66,"xmax":0.43896484375,"xmin":0.0064697265625,"ycenter":84,"ymax":0.5439453125,"ymin":0.022216796875}]}