{"best":{"X":-84,"Y":63,"Z":347,"label":1,"score":0.9931640625,"xcenter":64,"xmax":0.43994140625,"xmin":-0.010986328125,"ycenter":85,"ymax":0.595703125,"ymin":-0.023681640625},"faces":[{"X":-84,"Y":63,"Z":347,"label":1,"score":0.9931640625,"xcenter":64,"xmax":0.43994140625,"xmin":-0.010986328125,"ycenter":85,"ymax":0.595703125,"ymin":-0.023681640625}]}