{"best":{"X":-3,"Y":71,"Z":566,"label":1,"score":1.0,"xcenter":148,"xmax":0.662109375,"xmin":0.330322265625,"ycenter":105,"ymax":0.533203125,"ymin":0.1719970703125},"faces":[{"X":-3,"Y":71,"Z":566,"label":1,"score":1.0,"xcenter":148,"xmax":0.662109375,"xmin":0.330322265625,"ycenter":105,"ymax":0.533203125,"ymin":0.1719970703125}]}