{"best":{"X":19,"Y":70,"Z":560,"label":1,"score":1.0,"xcenter":163,"xmax":0.7060546875,"xmin":0.386474609375,"ycenter":105,"ymax":0.53369140625,"ymin":0.1678466796875},"faces":[{"X":19,"Y":70,"Z":560,"label":1,"score":1.0,"xcenter":163,"xmax":0.7060546875,"xmin":0.386474609375,"ycenter":105,"ymax":0.53369140625,"ymin":0.1678466796875}]}