{"best":{"X":-5,"Y":69,"Z":571,"label":1,"score":1.0,"xcenter":147,"xmax":0.6552734375,"xmin":0.326904296875,"ycenter":107,"ymax":0.54638671875,"ymin":0.1717529296875},"faces":[{"X":-5,"Y":69,"Z":571,"label":1,"score":1.0,"xcenter":147,"xmax":0.6552734375,"xmin":0.326904296875,"ycenter":107,"ymax":0.54638671875,"ymin":0.1717529296875}]}