{"best":{"X":-155,"Y":61,"Z":591,"label":1,"score":1.0,"xcenter":57,"xmax":0.36669921875,"xmin":0.017822265625,"ycenter":113,"ymax":0.5556640625,"ymin":0.2015380859375},"faces":[{"X":-155,"Y":61,"Z":591,"label":1,"score":1.0,"xcenter":57,"xmax":0.36669921875,"xmin":0.017822265625,"ycenter":113,"ymax":0.5556640625,"ymin":0.2015380859375}]}