{"best":{"X":32,"Y":64,"Z":576,"label":1,"score":1.0,"xcenter":171,"xmax":0.74609375,"xmin":0.402099609375,"ycenter":110,"ymax":0.5517578125,"ymin":0.1844482421875},"faces":[{"X":32,"Y":64,"Z":576,"label":1,"score":1.0,"xcenter":171,"xmax":0.74609375,"xmin":0.402099609375,"ycenter":110,"ymax":0.5517578125,"ymin":0.1844482421875}]}