{"best":{"X":-13,"Y":77,"Z":494,"label":1,"score":1.0,"xcenter":141,"xmax":0.66015625,"xmin":0.28564453125,"ycenter":94,"ymax":0.52197265625,"ymin":0.1112060546875},"faces":[{"X":-13,"Y":77,"Z":494,"label":1,"score":1.0,"xcenter":141,"xmax":0.66015625,"xmin":0.28564453125,"ycenter":94,"ymax":0.52197265625,"ymin":0.1112060546875}]}