{"best":{"X":-44,"Y":78,"Z":497,"label":1,"score":1.0,"xcenter":119,"xmax":0.58837890625,"xmin":0.2086181640625,"ycenter":94,"ymax":0.5341796875,"ymin":0.099609375},"faces":[{"X":-44,"Y":78,"Z":497,"label":1,"score":1.0,"xcenter":119,"xmax":0.58837890625,"xmin":0.2086181640625,"ycenter":94,"ymax":0.5341796875,"ymin":0.099609375}]}