{"best":{"X":-119,"Y":70,"Z":580,"label":1,"score":1.0,"xcenter":77,"xmax":0.4296875,"xmin":0.0887451171875,"ycenter":107,"ymax":0.52490234375,"ymin":0.1905517578125},"faces":[{"X":-119,"Y":70,"Z":580,"label":1,"score":1.0,"xcenter":77,"xmax":0.4296875,"xmin":0.0887451171875,"ycenter":107,"ymax":0.52490234375,"ymin":0.1905517578125}]}