{"best":{"X":49,"Y":57,"Z":596,"label":1,"score":1.0,"xcenter":180,"xmax":0.77587890625,"xmin":0.43212890625,"ycenter":116,"ymax":0.56640625,"ymin":0.212158203125},"faces":[{"X":49,"Y":57,"Z":596,"label":1,"score":1.0,"xcenter":180,"xmax":0.77587890625,"xmin":0.43212890625,"ycenter":116,"ymax":0.56640625,"ymin":0.212158203125}]}