{"best":{"X":79,"Y":50,"Z":600,"label":1,"score":1.0,"xcenter":198,"xmax":0.81884765625,"xmin":0.50439453125,"ycenter":120,"ymax":0.59228515625,"ymin":0.21435546875},"faces":[{"X":79,"Y":50,"Z":600,"label":1,"score":1.0,"xcenter":198,"xmax":0.81884765625,"xmin":0.50439453125,"ycenter":120,"ymax":0.59228515625,"ymin":0.21435546875}]}