{"best":{"X":-14,"Y":85,"Z":448,"label":1,"score":1.0,"xcenter":139,"xmax":0.66064453125,"xmin":0.27099609375,"ycenter":82,"ymax":0.494140625,"ymin":0.0596923828125},"faces":[{"X":-14,"Y":85,"Z":448,"label":1,"score":1.0,"xcenter":139,"xmax":0.66064453125,"xmin":0.27099609375,"ycenter":82,"ymax":0.494140625,"ymin":0.0596923828125}]}