{"best":{"X":-29,"Y":73,"Z":568,"label":1,"score":1.0,"xcenter":132,"xmax":0.60986328125,"xmin":0.27734375,"ycenter":104,"ymax":0.529296875,"ymin":0.1700439453125},"faces":[{"X":-29,"Y":73,"Z":568,"label":1,"score":1.0,"xcenter":132,"xmax":0.60986328125,"xmin":0.27734375,"ycenter":104,"ymax":0.529296875,"ymin":0.1700439453125}]}