{"best":{"X":2,"Y":54,"Z":669,"label":1,"score":1.0,"xcenter":152,"xmax":0.65380859375,"xmin":0.36279296875,"ycenter":121,"ymax":0.5576171875,"ymin":0.25048828125},"faces":[{"X":2,"Y":54,"Z":669,"label":1,"score":1.0,"xcenter":152,"xmax":0.65380859375,"xmin":0.36279296875,"ycenter":121,"ymax":0.5576171875,"ymin":0.25048828125}]}