{"best":{"X":-32,"Y":69,"Z":345,"label":1,"score":1.0,"xcenter":117,"xmax":0.6640625,"xmin":0.119873046875,"ycenter":78,"ymax":0.5244140625,"ymin":-0.003173828125},"faces":[{"X":-32,"Y":69,"Z":345,"label":1,"score":1.0,"xcenter":117,"xmax":0.6640625,"xmin":0.119873046875,"ycenter":78,"ymax":0.5244140625,"ymin":-0.003173828125}]}