{"best":{"X":-11,"Y":71,"Z":569,"label":1,"score":1.0,"xcenter":143,"xmax":0.6484375,"xmin":0.30810546875,"ycenter":105,"ymax":0.537109375,"ymin":0.1661376953125},"faces":[{"X":-11,"Y":71,"Z":569,"label":1,"score":1.0,"xcenter":143,"xmax":0.6484375,"xmin":0.30810546875,"ycenter":105,"ymax":0.537109375,"ymin":0.1661376953125}]}