{"best":{"X":-5,"Y":71,"Z":566,"label":1,"score":1.0,"xcenter":147,"xmax":0.65673828125,"xmin":0.32568359375,"ycenter":105,"ymax":0.53466796875,"ymin":0.1683349609375},"faces":[{"X":-5,"Y":71,"Z":566,"label":1,"score":1.0,"xcenter":147,"xmax":0.65673828125,"xmin":0.32568359375,"ycenter":105,"ymax":0.53466796875,"ymin":0.1683349609375}]}