{"best":{"X":-2,"Y":56,"Z":631,"label":1,"score":0.99951171875,"xcenter":149,"xmax":0.65087890625,"xmin":0.34912109375,"ycenter":118,"ymax":0.5537109375,"ymin":0.237060546875},"faces":[{"X":-2,"Y":56,"Z":631,"label":1,"score":0.99951171875,"xcenter":149,"xmax":0.65087890625,"xmin":0.34912109375,"ycenter":118,"ymax":0.5537109375,"ymin":0.237060546875}]}