{"best":{"X":44,"Y":54,"Z":574,"label":1,"score":1.0,"xcenter":178,"xmax":0.76513671875,"xmin":0.42919921875,"ycenter":116,"ymax":0.57666015625,"ymin":0.2047119140625},"faces":[{"X":44,"Y":54,"Z":574,"label":1,"score":1.0,"xcenter":178,"xmax":0.76513671875,"xmin":0.42919921875,"ycenter":116,"ymax":0.57666015625,"ymin":0.2047119140625}]}