{"best":{"X":-34,"Y":73,"Z":365,"label":1,"score":1.0,"xcenter":117,"xmax":0.6650390625,"xmin":0.11767578125,"ycenter":78,"ymax":0.52294921875,"ymin":-0.0029296875},"faces":[{"X":-34,"Y":73,"Z":365,"label":1,"score":1.0,"xcenter":117,"xmax":0.6650390625,"xmin":0.11767578125,"ycenter":78,"ymax":0.52294921875,"ymin":-0.0029296875}]}