{"best":{"X":52,"Y":58,"Z":579,"label":1,"score":1.0,"xcenter":183,"xmax":0.77880859375,"xmin":0.44384765625,"ycenter":114,"ymax":0.5634765625,"ymin":0.2022705078125},"faces":[{"X":52,"Y":58,"Z":579,"label":1,"score":1.0,"xcenter":183,"xmax":0.77880859375,"xmin":0.44384765625,"ycenter":114,"ymax":0.5634765625,"ymin":0.2022705078125}]}