{"best":{"X":0,"Y":74,"Z":519,"label":1,"score":1.0,"xcenter":151,"xmax":0.68505859375,"xmin":0.32958984375,"ycenter":99,"ymax":0.5234375,"ymin":0.142333984375},"faces":[{"X":0,"Y":74,"Z":519,"label":1,"score":1.0,"xcenter":151,"xmax":0.68505859375,"xmin":0.32958984375,"ycenter":99,"ymax":0.5234375,"ymin":0.142333984375}]}