{"best":{"X":-74,"Y":77,"Z":570,"label":1,"score":1.0,"xcenter":104,"xmax":0.52099609375,"xmin":0.1776123046875,"ycenter":102,"ymax":0.51171875,"ymin":0.1737060546875},"faces":[{"X":-74,"Y":77,"Z":570,"label":1,"score":1.0,"xcenter":104,"xmax":0.52099609375,"xmin":0.1776123046875,"ycenter":102,"ymax":0.51171875,"ymin":0.1737060546875}]}