{"best":{"X":-13,"Y":65,"Z":571,"label":1,"score":1.0,"xcenter":142,"xmax":0.64404296875,"xmin":0.30517578125,"ycenter":109,"ymax":0.55517578125,"ymin":0.17529296875},"faces":[{"X":-13,"Y":65,"Z":571,"label":1,"score":1.0,"xcenter":142,"xmax":0.64404296875,"xmin":0.30517578125,"ycenter":109,"ymax":0.55517578125,"ymin":0.17529296875}]}