{"best":{"X":-83,"Y":77,"Z":566,"label":1,"score":1.0,"xcenter":98,"xmax":0.49951171875,"xmin":0.1590576171875,"ycenter":101,"ymax":0.515625,"ymin":0.1666259765625},"faces":[{"X":-83,"Y":77,"Z":566,"label":1,"score":1.0,"xcenter":98,"xmax":0.49951171875,"xmin":0.1590576171875,"ycenter":101,"ymax":0.515625,"ymin":0.1666259765625}]}