{"best":{"X":-149,"Y":63,"Z":581,"label":1,"score":1.0,"xcenter":59,"xmax":0.377197265625,"xmin":0.0224609375,"ycenter":111,"ymax":0.55078125,"ymin":0.1932373046875},"faces":[{"X":-149,"Y":63,"Z":581,"label":1,"score":1.0,"xcenter":59,"xmax":0.377197265625,"xmin":0.0224609375,"ycenter":111,"ymax":0.55078125,"ymin":0.1932373046875}]}