{"best":{"X":47,"Y":59,"Z":575,"label":1,"score":1.0,"xcenter":180,"xmax":0.77099609375,"xmin":0.43603515625,"ycenter":113,"ymax":0.5595703125,"ymin":0.19921875},"faces":[{"X":47,"Y":59,"Z":575,"label":1,"score":1.0,"xcenter":180,"xmax":0.77099609375,"xmin":0.43603515625,"ycenter":113,"ymax":0.5595703125,"ymin":0.19921875}]}