{"best":{"X":-85,"Y":62,"Z":604,"label":1,"score":1.0,"xcenter":100,"xmax":0.5029296875,"xmin":0.1685791015625,"ycenter":113,"ymax":0.5478515625,"ymin":0.211669921875},"faces":[{"X":-85,"Y":62,"Z":604,"label":1,"score":1.0,"xcenter":100,"xmax":0.5029296875,"xmin":0.1685791015625,"ycenter":113,"ymax":0.5478515625,"ymin":0.211669921875}]}