{"best":{"X":-8,"Y":56,"Z":578,"label":1,"score":1.0,"xcenter":145,"xmax":0.65478515625,"xmin":0.31494140625,"ycenter":115,"ymax":0.57568359375,"ymin":0.1961669921875},"faces":[{"X":-8,"Y":56,"Z":578,"label":1,"score":1.0,"xcenter":145,"xmax":0.65478515625,"xmin":0.31494140625,"ycenter":115,"ymax":0.57568359375,"ymin":0.1961669921875}]}