{"best":{"X":57,"Y":55,"Z":583,"label":1,"score":1.0,"xcenter":186,"xmax":0.787109375,"xmin":0.4541015625,"ycenter":116,"ymax":0.5830078125,"ymin":0.1990966796875},"faces":[{"X":57,"Y":55,"Z":583,"label":1,"score":1.0,"xcenter":186,"xmax":0.787109375,"xmin":0.4541015625,"ycenter":116,"ymax":0.5830078125,"ymin":0.1990966796875}]}