{"best":{"X":7,"Y":67,"Z":574,"label":1,"score":1.0,"xcenter":155,"xmax":0.68603515625,"xmin":0.35107421875,"ycenter":108,"ymax":0.5546875,"ymin":0.16796875},"faces":[{"X":7,"Y":67,"Z":574,"label":1,"score":1.0,"xcenter":155,"xmax":0.68603515625,"xmin":0.35107421875,"ycenter":108,"ymax":0.5546875,"ymin":0.16796875}]}