{"best":{"X":46,"Y":69,"Z":587,"label":1,"score":1.0,"xcenter":179,"xmax":0.7685546875,"xmin":0.431640625,"ycenter":108,"ymax":0.52978515625,"ymin":0.1949462890625},"faces":[{"X":46,"Y":69,"Z":587,"label":1,"score":1.0,"xcenter":179,"xmax":0.7685546875,"xmin":0.431640625,"ycenter":108,"ymax":0.52978515625,"ymin":0.1949462890625}]}