{"best":{"X":-44,"Y":75,"Z":574,"label":1,"score":1.0,"xcenter":123,"xmax":0.58642578125,"xmin":0.2384033203125,"ycenter":103,"ymax":0.51904296875,"ymin":0.1744384765625},"faces":[{"X":-44,"Y":75,"Z":574,"label":1,"score":1.0,"xcenter":123,"xmax":0.58642578125,"xmin":0.2384033203125,"ycenter":103,"ymax":0.51904296875,"ymin":0.1744384765625}]}