{"best":{"X":-45,"Y":80,"Z":563,"label":1,"score":1.0,"xcenter":122,"xmax":0.58544921875,"xmin":0.2333984375,"ycenter":99,"ymax":0.51123046875,"ymin":0.1544189453125},"faces":[{"X":-45,"Y":80,"Z":563,"label":1,"score":1.0,"xcenter":122,"xmax":0.58544921875,"xmin":0.2333984375,"ycenter":99,"ymax":0.51123046875,"ymin":0.1544189453125}]}