{"best":{"X":-2,"Y":65,"Z":569,"label":1,"score":1.0,"xcenter":149,"xmax":0.662109375,"xmin":0.33349609375,"ycenter":109,"ymax":0.556640625,"ymin":0.17333984375},"faces":[{"X":-2,"Y":65,"Z":569,"label":1,"score":1.0,"xcenter":149,"xmax":0.662109375,"xmin":0.33349609375,"ycenter":109,"ymax":0.556640625,"ymin":0.17333984375}]}