{"best":{"X":2,"Y":68,"Z":582,"label":1,"score":1.0,"xcenter":152,"xmax":0.6806640625,"xmin":0.333984375,"ycenter":108,"ymax":0.54638671875,"ymin":0.1767578125},"faces":[{"X":2,"Y":68,"Z":582,"label":1,"score":1.0,"xcenter":152,"xmax":0.6806640625,"xmin":0.333984375,"ycenter":108,"ymax":0.54638671875,"ymin":0.1767578125}]}