{"best":{"X":5,"Y":63,"Z":578,"label":1,"score":1.0,"xcenter":154,"xmax":0.67822265625,"xmin":0.35400390625,"ycenter":111,"ymax":0.57373046875,"ymin":0.1724853515625},"faces":[{"X":5,"Y":63,"Z":578,"label":1,"score":1.0,"xcenter":154,"xmax":0.67822265625,"xmin":0.35400390625,"ycenter":111,"ymax":0.57373046875,"ymin":0.1724853515625}]}