{"best":{"X":68,"Y":55,"Z":593,"label":1,"score":1.0,"xcenter":192,"xmax":0.80419921875,"xmin":0.47998046875,"ycenter":117,"ymax":0.5693359375,"ymin":0.2139892578125},"faces":[{"X":68,"Y":55,"Z":593,"label":1,"score":1.0,"xcenter":192,"xmax":0.80419921875,"xmin":0.47998046875,"ycenter":117,"ymax":0.5693359375,"ymin":0.2139892578125}]}