{"best":{"X":-84,"Y":77,"Z":563,"label":1,"score":1.0,"xcenter":97,"xmax":0.49560546875,"xmin":0.1546630859375,"ycenter":101,"ymax":0.509765625,"ymin":0.1685791015625},"faces":[{"X":-84,"Y":77,"Z":563,"label":1,"score":1.0,"xcenter":97,"xmax":0.49560546875,"xmin":0.1546630859375,"ycenter":101,"ymax":0.509765625,"ymin":0.1685791015625}]}