{"best":{"X":69,"Y":58,"Z":350,"label":1,"score":1.0,"xcenter":222,"xmax":1.001953125,"xmin":0.483154296875,"ycenter":90,"ymax":0.5986328125,"ymin":0.00927734375},"faces":[{"X":69,"Y":58,"Z":350,"label":1,"score":1.0,"xcenter":222,"xmax":1.001953125,"xmin":0.483154296875,"ycenter":90,"ymax":0.5986328125,"ymin":0.00927734375}]}