{"best":{"X":-3,"Y":60,"Z":647,"label":1,"score":0.99951171875,"xcenter":149,"xmax":0.65283203125,"xmin":0.34912109375,"ycenter":117,"ymax":0.5498046875,"ymin":0.2333984375},"faces":[{"X":-3,"Y":60,"Z":647,"label":1,"score":0.99951171875,"xcenter":149,"xmax":0.65283203125,"xmin":0.34912109375,"ycenter":117,"ymax":0.5498046875,"ymin":0.2333984375}]}