{"best":{"X":0,"Y":47,"Z":652,"label":1,"score":1.0,"xcenter":151,"xmax":0.6513671875,"xmin":0.36328125,"ycenter":124,"ymax":0.58935546875,"ymin":0.240234375},"faces":[{"X":0,"Y":47,"Z":652,"label":1,"score":1.0,"xcenter":151,"xmax":0.6513671875,"xmin":0.36328125,"ycenter":124,"ymax":0.58935546875,"ymin":0.240234375}]}