{"best":{"X":-63,"Y":64,"Z":604,"label":1,"score":1.0,"xcenter":113,"xmax":0.546875,"xmin":0.209228515625,"ycenter":112,"ymax":0.54248046875,"ymin":0.2113037109375},"faces":[{"X":-63,"Y":64,"Z":604,"label":1,"score":1.0,"xcenter":113,"xmax":0.546875,"xmin":0.209228515625,"ycenter":112,"ymax":0.54248046875,"ymin":0.2113037109375}]}