{"best":{"X":16,"Y":74,"Z":552,"label":1,"score":1.0,"xcenter":161,"xmax":0.71337890625,"xmin":0.36181640625,"ycenter":102,"ymax":0.52685546875,"ymin":0.1578369140625},"faces":[{"X":16,"Y":74,"Z":552,"label":1,"score":1.0,"xcenter":161,"xmax":0.71337890625,"xmin":0.36181640625,"ycenter":102,"ymax":0.52685546875,"ymin":0.1578369140625}]}