{"best":{"X":-34,"Y":70,"Z":343,"label":1,"score":1.0,"xcenter":115,"xmax":0.6650390625,"xmin":0.109375,"ycenter":77,"ymax":0.51953125,"ymin":-0.000732421875},"faces":[{"X":-34,"Y":70,"Z":343,"label":1,"score":1.0,"xcenter":115,"xmax":0.6650390625,"xmin":0.109375,"ycenter":77,"ymax":0.51953125,"ymin":-0.000732421875}]}