{"best":{"X":32,"Y":63,"Z":587,"label":1,"score":1.0,"xcenter":170,"xmax":0.740234375,"xmin":0.399169921875,"ycenter":112,"ymax":0.560546875,"ymin":0.1910400390625},"faces":[{"X":32,"Y":63,"Z":587,"label":1,"score":1.0,"xcenter":170,"xmax":0.740234375,"xmin":0.399169921875,"ycenter":112,"ymax":0.560546875,"ymin":0.1910400390625}]}