{"best":{"X":-85,"Y":67,"Z":583,"label":1,"score":1.0,"xcenter":98,"xmax":0.50390625,"xmin":0.1541748046875,"ycenter":109,"ymax":0.5390625,"ymin":0.196533203125},"faces":[{"X":-85,"Y":67,"Z":583,"label":1,"score":1.0,"xcenter":98,"xmax":0.50390625,"xmin":0.1541748046875,"ycenter":109,"ymax":0.5390625,"ymin":0.196533203125}]}