{"best":{"X":48,"Y":66,"Z":575,"label":1,"score":1.0,"xcenter":181,"xmax":0.77783203125,"xmin":0.43603515625,"ycenter":109,"ymax":0.55322265625,"ymin":0.1793212890625},"faces":[{"X":48,"Y":66,"Z":575,"label":1,"score":1.0,"xcenter":181,"xmax":0.77783203125,"xmin":0.43603515625,"ycenter":109,"ymax":0.55322265625,"ymin":0.1793212890625}]}