{"best":{"X":-8,"Y":70,"Z":571,"label":1,"score":1.0,"xcenter":145,"xmax":0.65234375,"xmin":0.32177734375,"ycenter":106,"ymax":0.54296875,"ymin":0.171142578125},"faces":[{"X":-8,"Y":70,"Z":571,"label":1,"score":1.0,"xcenter":145,"xmax":0.65234375,"xmin":0.32177734375,"ycenter":106,"ymax":0.54296875,"ymin":0.171142578125}]}