{"best":{"X":5,"Y":66,"Z":575,"label":1,"score":1.0,"xcenter":154,"xmax":0.6826171875,"xmin":0.34765625,"ycenter":109,"ymax":0.564453125,"ymin":0.1683349609375},"faces":[{"X":5,"Y":66,"Z":575,"label":1,"score":1.0,"xcenter":154,"xmax":0.6826171875,"xmin":0.34765625,"ycenter":109,"ymax":0.564453125,"ymin":0.1683349609375}]}