{"best":{"X":61,"Y":57,"Z":588,"label":1,"score":1.0,"xcenter":188,"xmax":0.7939453125,"xmin":0.462890625,"ycenter":115,"ymax":0.5654296875,"ymin":0.20458984375},"faces":[{"X":61,"Y":57,"Z":588,"label":1,"score":1.0,"xcenter":188,"xmax":0.7939453125,"xmin":0.462890625,"ycenter":115,"ymax":0.5654296875,"ymin":0.20458984375}]}