{"best":{"X":-8,"Y":70,"Z":563,"label":1,"score":1.0,"xcenter":145,"xmax":0.65283203125,"xmin":0.3212890625,"ycenter":105,"ymax":0.5419921875,"ymin":0.166259765625},"faces":[{"X":-8,"Y":70,"Z":563,"label":1,"score":1.0,"xcenter":145,"xmax":0.65283203125,"xmin":0.3212890625,"ycenter":105,"ymax":0.5419921875,"ymin":0.166259765625}]}