{"best":{"X":72,"Y":56,"Z":547,"label":1,"score":1.0,"xcenter":198,"xmax":0.837890625,"xmin":0.4892578125,"ycenter":113,"ymax":0.56787109375,"ymin":0.1883544921875},"faces":[{"X":72,"Y":56,"Z":547,"label":1,"score":1.0,"xcenter":198,"xmax":0.837890625,"xmin":0.4892578125,"ycenter":113,"ymax":0.56787109375,"ymin":0.1883544921875}]}