{"best":{"X":16,"Y":70,"Z":560,"label":1,"score":1.0,"xcenter":161,"xmax":0.703125,"xmin":0.3779296875,"ycenter":105,"ymax":0.54296875,"ymin":0.1634521484375},"faces":[{"X":16,"Y":70,"Z":560,"label":1,"score":1.0,"xcenter":161,"xmax":0.703125,"xmin":0.3779296875,"ycenter":105,"ymax":0.54296875,"ymin":0.1634521484375}]}