{"best":{"X":-3,"Y":71,"Z":565,"label":1,"score":1.0,"xcenter":148,"xmax":0.66162109375,"xmin":0.33056640625,"ycenter":105,"ymax":0.533203125,"ymin":0.1700439453125},"faces":[{"X":-3,"Y":71,"Z":565,"label":1,"score":1.0,"xcenter":148,"xmax":0.66162109375,"xmin":0.33056640625,"ycenter":105,"ymax":0.533203125,"ymin":0.1700439453125}]}