{"best":{"X":-34,"Y":69,"Z":344,"label":1,"score":1.0,"xcenter":115,"xmax":0.6611328125,"xmin":0.106689453125,"ycenter":78,"ymax":0.5224609375,"ymin":-0.000244140625},"faces":[{"X":-34,"Y":69,"Z":344,"label":1,"score":1.0,"xcenter":115,"xmax":0.6611328125,"xmin":0.106689453125,"ycenter":78,"ymax":0.5224609375,"ymin":-0.000244140625}]}