{"best":{"X":64,"Y":76,"Z":385,"label":1,"score":1.0,"xcenter":210,"xmax":0.9453125,"xmin":0.462158203125,"ycenter":79,"ymax":0.5322265625,"ymin":-0.000244140625},"faces":[{"X":64,"Y":76,"Z":385,"label":1,"score":1.0,"xcenter":210,"xmax":0.9453125,"xmin":0.462158203125,"ycenter":79,"ymax":0.5322265625,"ymin":-0.000244140625}]}