{"best":{"X":-2,"Y":71,"Z":570,"label":1,"score":1.0,"xcenter":149,"xmax":0.666015625,"xmin":0.334228515625,"ycenter":105,"ymax":0.53515625,"ymin":0.1729736328125},"faces":[{"X":-2,"Y":71,"Z":570,"label":1,"score":1.0,"xcenter":149,"xmax":0.666015625,"xmin":0.334228515625,"ycenter":105,"ymax":0.53515625,"ymin":0.1729736328125}]}