{"best":{"X":-27,"Y":73,"Z":366,"label":1,"score":1.0,"xcenter":124,"xmax":0.65625,"xmin":0.1796875,"ycenter":78,"ymax":0.52197265625,"ymin":0.00146484375},"faces":[{"X":-27,"Y":73,"Z":366,"label":1,"score":1.0,"xcenter":124,"xmax":0.65625,"xmin":0.1796875,"ycenter":78,"ymax":0.52197265625,"ymin":0.00146484375}]}