{"best":{"X":-21,"Y":73,"Z":565,"label":1,"score":1.0,"xcenter":137,"xmax":0.62841796875,"xmin":0.28759765625,"ycenter":104,"ymax":0.53271484375,"ymin":0.1685791015625},"faces":[{"X":-21,"Y":73,"Z":565,"label":1,"score":1.0,"xcenter":137,"xmax":0.62841796875,"xmin":0.28759765625,"ycenter":104,"ymax":0.53271484375,"ymin":0.1685791015625}]}