{"best":{"X":8,"Y":70,"Z":567,"label":1,"score":1.0,"xcenter":156,"xmax":0.68896484375,"xmin":0.35595703125,"ycenter":106,"ymax":0.5478515625,"ymin":0.166259765625},"faces":[{"X":8,"Y":70,"Z":567,"label":1,"score":1.0,"xcenter":156,"xmax":0.68896484375,"xmin":0.35595703125,"ycenter":106,"ymax":0.5478515625,"ymin":0.166259765625}]}