{"best":{"X":71,"Y":66,"Z":539,"label":1,"score":1.0,"xcenter":198,"xmax":0.84033203125,"xmin":0.48193359375,"ycenter":106,"ymax":0.5498046875,"ymin":0.1661376953125},"faces":[{"X":71,"Y":66,"Z":539,"label":1,"score":1.0,"xcenter":198,"xmax":0.84033203125,"xmin":0.48193359375,"ycenter":106,"ymax":0.5498046875,"ymin":0.1661376953125}]}