{"best":{"X":87,"Y":67,"Z":383,"label":1,"score":1.0,"xcenter":232,"xmax":1.00390625,"xmin":0.54541015625,"ycenter":87,"ymax":0.5810546875,"ymin":0.003173828125},"faces":[{"X":87,"Y":67,"Z":383,"label":1,"score":1.0,"xcenter":232,"xmax":1.00390625,"xmin":0.54541015625,"ycenter":87,"ymax":0.5810546875,"ymin":0.003173828125}]}