{"best":{"X":9,"Y":68,"Z":566,"label":1,"score":1.0,"xcenter":157,"xmax":0.6923828125,"xmin":0.3583984375,"ycenter":107,"ymax":0.5537109375,"ymin":0.1651611328125},"faces":[{"X":9,"Y":68,"Z":566,"label":1,"score":1.0,"xcenter":157,"xmax":0.6923828125,"xmin":0.3583984375,"ycenter":107,"ymax":0.5537109375,"ymin":0.1651611328125}]}