{"best":{"X":7,"Y":70,"Z":570,"label":1,"score":1.0,"xcenter":155,"xmax":0.6845703125,"xmin":0.351318359375,"ycenter":106,"ymax":0.53955078125,"ymin":0.1705322265625},"faces":[{"X":7,"Y":70,"Z":570,"label":1,"score":1.0,"xcenter":155,"xmax":0.6845703125,"xmin":0.351318359375,"ycenter":106,"ymax":0.53955078125,"ymin":0.1705322265625}]}