{"best":{"X":58,"Y":72,"Z":411,"label":1,"score":1.0,"xcenter":201,"xmax":0.89794921875,"xmin":0.44873046875,"ycenter":87,"ymax":0.53173828125,"ymin":0.0523681640625},"faces":[{"X":58,"Y":72,"Z":411,"label":1,"score":1.0,"xcenter":201,"xmax":0.89794921875,"xmin":0.44873046875,"ycenter":87,"ymax":0.53173828125,"ymin":0.0523681640625}]}