{"best":{"X":-51,"Y":85,"Z":462,"label":1,"score":1.0,"xcenter":111,"xmax":0.58349609375,"xmin":0.1617431640625,"ycenter":84,"ymax":0.5166015625,"ymin":0.052734375},"faces":[{"X":-51,"Y":85,"Z":462,"label":1,"score":1.0,"xcenter":111,"xmax":0.58349609375,"xmin":0.1617431640625,"ycenter":84,"ymax":0.5166015625,"ymin":0.052734375}]}