{"best":{"label":1,"score":1.0,"xcenter":167,"xmax":0.728515625,"xmin":0.388671875,"ycenter":104,"ymax":0.52734375,"ymin":0.1719970703125},"faces":[{"label":1,"score":1.0,"xcenter":167,"xmax":0.728515625,"xmin":0.388671875,"ycenter":104,"ymax":0.52734375,"ymin":0.1719970703125}]}