{"best":{"X":16,"Y":69,"Z":562,"label":1,"score":1.0,"xcenter":161,"xmax":0.7021484375,"xmin":0.3759765625,"ycenter":106,"ymax":0.546875,"ymin":0.1629638671875},"faces":[{"X":16,"Y":69,"Z":562,"label":1,"score":1.0,"xcenter":161,"xmax":0.7021484375,"xmin":0.3759765625,"ycenter":106,"ymax":0.546875,"ymin":0.1629638671875}]}