{"best":{"X":-26,"Y":75,"Z":571,"label":1,"score":1.0,"xcenter":134,"xmax":0.619140625,"xmin":0.282470703125,"ycenter":103,"ymax":0.51953125,"ymin":0.173095703125},"faces":[{"X":-26,"Y":75,"Z":571,"label":1,"score":1.0,"xcenter":134,"xmax":0.619140625,"xmin":0.282470703125,"ycenter":103,"ymax":0.51953125,"ymin":0.173095703125}]}