{"best":{"X":25,"Y":63,"Z":551,"label":1,"score":1.0,"xcenter":167,"xmax":0.7333984375,"xmin":0.382568359375,"ycenter":109,"ymax":0.56201171875,"ymin":0.1715087890625},"faces":[{"X":25,"Y":63,"Z":551,"label":1,"score":1.0,"xcenter":167,"xmax":0.7333984375,"xmin":0.382568359375,"ycenter":109,"ymax":0.56201171875,"ymin":0.1715087890625}]}