{"best":{"X":0,"Y":76,"Z":512,"label":1,"score":1.0,"xcenter":150,"xmax":0.6806640625,"xmin":0.326416015625,"ycenter":97,"ymax":0.51513671875,"ymin":0.13623046875},"faces":[{"X":0,"Y":76,"Z":512,"label":1,"score":1.0,"xcenter":150,"xmax":0.6806640625,"xmin":0.326416015625,"ycenter":97,"ymax":0.51513671875,"ymin":0.13623046875}]}