{"best":{"X":-96,"Y":75,"Z":584,"label":1,"score":1.0,"xcenter":92,"xmax":0.47998046875,"xmin":0.14013671875,"ycenter":104,"ymax":0.51318359375,"ymin":0.1893310546875},"faces":[{"X":-96,"Y":75,"Z":584,"label":1,"score":1.0,"xcenter":92,"xmax":0.47998046875,"xmin":0.14013671875,"ycenter":104,"ymax":0.51318359375,"ymin":0.1893310546875}]}