{"best":{"X":-127,"Y":69,"Z":576,"label":1,"score":1.0,"xcenter":72,"xmax":0.416015625,"xmin":0.0716552734375,"ycenter":107,"ymax":0.5302734375,"ymin":0.1854248046875},"faces":[{"X":-127,"Y":69,"Z":576,"label":1,"score":1.0,"xcenter":72,"xmax":0.416015625,"xmin":0.0716552734375,"ycenter":107,"ymax":0.5302734375,"ymin":0.1854248046875}]}