{"best":{"X":-50,"Y":69,"Z":589,"label":1,"score":1.0,"xcenter":120,"xmax":0.58251953125,"xmin":0.22314453125,"ycenter":108,"ymax":0.5390625,"ymin":0.186767578125},"faces":[{"X":-50,"Y":69,"Z":589,"label":1,"score":1.0,"xcenter":120,"xmax":0.58251953125,"xmin":0.22314453125,"ycenter":108,"ymax":0.5390625,"ymin":0.186767578125}]}