{"best":{"X":-105,"Y":67,"Z":581,"label":1,"score":1.0,"xcenter":86,"xmax":0.46044921875,"xmin":0.1199951171875,"ycenter":109,"ymax":0.54296875,"ymin":0.1922607421875},"faces":[{"X":-105,"Y":67,"Z":581,"label":1,"score":1.0,"xcenter":86,"xmax":0.46044921875,"xmin":0.1199951171875,"ycenter":109,"ymax":0.54296875,"ymin":0.1922607421875}]}