{"best":{"X":-5,"Y":71,"Z":566,"label":1,"score":1.0,"xcenter":147,"xmax":0.65771484375,"xmin":0.32666015625,"ycenter":105,"ymax":0.5341796875,"ymin":0.1678466796875},"faces":[{"X":-5,"Y":71,"Z":566,"label":1,"score":1.0,"xcenter":147,"xmax":0.65771484375,"xmin":0.32666015625,"ycenter":105,"ymax":0.5341796875,"ymin":0.1678466796875}]}