{"best":{"X":13,"Y":54,"Z":586,"label":1,"score":1.0,"xcenter":159,"xmax":0.7001953125,"xmin":0.3662109375,"ycenter":117,"ymax":0.5771484375,"ymin":0.209716796875},"faces":[{"X":13,"Y":54,"Z":586,"label":1,"score":1.0,"xcenter":159,"xmax":0.7001953125,"xmin":0.3662109375,"ycenter":117,"ymax":0.5771484375,"ymin":0.209716796875}]}