{"best":{"X":34,"Y":60,"Z":584,"label":1,"score":1.0,"xcenter":172,"xmax":0.7451171875,"xmin":0.4091796875,"ycenter":113,"ymax":0.5712890625,"ymin":0.1871337890625},"faces":[{"X":34,"Y":60,"Z":584,"label":1,"score":1.0,"xcenter":172,"xmax":0.7451171875,"xmin":0.4091796875,"ycenter":113,"ymax":0.5712890625,"ymin":0.1871337890625}]}