{"best":{"X":0,"Y":67,"Z":571,"label":1,"score":1.0,"xcenter":150,"xmax":0.6689453125,"xmin":0.337646484375,"ycenter":108,"ymax":0.5537109375,"ymin":0.1724853515625},"faces":[{"X":0,"Y":67,"Z":571,"label":1,"score":1.0,"xcenter":150,"xmax":0.6689453125,"xmin":0.337646484375,"ycenter":108,"ymax":0.5537109375,"ymin":0.1724853515625}]}