{"best":{"X":-33,"Y":76,"Z":497,"label":1,"score":1.0,"xcenter":127,"xmax":0.6162109375,"xmin":0.2374267578125,"ycenter":95,"ymax":0.52392578125,"ymin":0.1129150390625},"faces":[{"X":-33,"Y":76,"Z":497,"label":1,"score":1.0,"xcenter":127,"xmax":0.6162109375,"xmin":0.2374267578125,"ycenter":95,"ymax":0.52392578125,"ymin":0.1129150390625}]}