{"best":{"X":11,"Y":68,"Z":553,"label":1,"score":1.0,"xcenter":158,"xmax":0.69873046875,"xmin":0.36181640625,"ycenter":106,"ymax":0.54443359375,"ymin":0.1695556640625},"faces":[{"X":11,"Y":68,"Z":553,"label":1,"score":1.0,"xcenter":158,"xmax":0.69873046875,"xmin":0.36181640625,"ycenter":106,"ymax":0.54443359375,"ymin":0.1695556640625}]}