{"best":{"X":2,"Y":74,"Z":577,"label":1,"score":1.0,"xcenter":152,"xmax":0.67333984375,"xmin":0.34423828125,"ycenter":104,"ymax":0.5322265625,"ymin":0.1640625},"faces":[{"X":2,"Y":74,"Z":577,"label":1,"score":1.0,"xcenter":152,"xmax":0.67333984375,"xmin":0.34423828125,"ycenter":104,"ymax":0.5322265625,"ymin":0.1640625}]}