{"best":{"X":-49,"Y":84,"Z":437,"label":1,"score":1.0,"xcenter":110,"xmax":0.5888671875,"xmin":0.1490478515625,"ycenter":81,"ymax":0.5263671875,"ymin":0.01806640625},"faces":[{"X":-49,"Y":84,"Z":437,"label":1,"score":1.0,"xcenter":110,"xmax":0.5888671875,"xmin":0.1490478515625,"ycenter":81,"ymax":0.5263671875,"ymin":0.01806640625}]}