{"best":{"X":-24,"Y":74,"Z":565,"label":1,"score":1.0,"xcenter":135,"xmax":0.62060546875,"xmin":0.28564453125,"ycenter":103,"ymax":0.52587890625,"ymin":0.16845703125},"faces":[{"X":-24,"Y":74,"Z":565,"label":1,"score":1.0,"xcenter":135,"xmax":0.62060546875,"xmin":0.28564453125,"ycenter":103,"ymax":0.52587890625,"ymin":0.16845703125}]}