{"best":{"X":7,"Y":71,"Z":577,"label":1,"score":1.0,"xcenter":155,"xmax":0.6865234375,"xmin":0.3564453125,"ycenter":106,"ymax":0.546875,"ymin":0.163818359375},"faces":[{"X":7,"Y":71,"Z":577,"label":1,"score":1.0,"xcenter":155,"xmax":0.6865234375,"xmin":0.3564453125,"ycenter":106,"ymax":0.546875,"ymin":0.163818359375}]}