{"best":{"X":20,"Y":68,"Z":562,"label":1,"score":1.0,"xcenter":164,"xmax":0.71533203125,"xmin":0.38623046875,"ycenter":107,"ymax":0.54443359375,"ymin":0.17041015625},"faces":[{"X":20,"Y":68,"Z":562,"label":1,"score":1.0,"xcenter":164,"xmax":0.71533203125,"xmin":0.38623046875,"ycenter":107,"ymax":0.54443359375,"ymin":0.17041015625}]}