{"best":{"X":-2,"Y":70,"Z":566,"label":1,"score":1.0,"xcenter":149,"xmax":0.6728515625,"xmin":0.3291015625,"ycenter":106,"ymax":0.54296875,"ymin":0.1695556640625},"faces":[{"X":-2,"Y":70,"Z":566,"label":1,"score":1.0,"xcenter":149,"xmax":0.6728515625,"xmin":0.3291015625,"ycenter":106,"ymax":0.54296875,"ymin":0.1695556640625}]}