{"best":{"X":-152,"Y":61,"Z":594,"label":1,"score":1.0,"xcenter":59,"xmax":0.3720703125,"xmin":0.027587890625,"ycenter":113,"ymax":0.5537109375,"ymin":0.203857421875},"faces":[{"X":-152,"Y":61,"Z":594,"label":1,"score":1.0,"xcenter":59,"xmax":0.3720703125,"xmin":0.027587890625,"ycenter":113,"ymax":0.5537109375,"ymin":0.203857421875}]}