{"best":{"X":31,"Y":71,"Z":550,"label":1,"score":1.0,"xcenter":171,"xmax":0.7470703125,"xmin":0.397216796875,"ycenter":104,"ymax":0.537109375,"ymin":0.158447265625},"faces":[{"X":31,"Y":71,"Z":550,"label":1,"score":1.0,"xcenter":171,"xmax":0.7470703125,"xmin":0.397216796875,"ycenter":104,"ymax":0.537109375,"ymin":0.158447265625}]}