{"best":{"X":8,"Y":69,"Z":551,"label":1,"score":1.0,"xcenter":156,"xmax":0.6875,"xmin":0.3544921875,"ycenter":105,"ymax":0.55078125,"ymin":0.153564453125},"faces":[{"X":8,"Y":69,"Z":551,"label":1,"score":1.0,"xcenter":156,"xmax":0.6875,"xmin":0.3544921875,"ycenter":105,"ymax":0.55078125,"ymin":0.153564453125}]}