{"best":{"X":79,"Y":49,"Z":600,"label":1,"score":1.0,"xcenter":198,"xmax":0.8212890625,"xmin":0.5048828125,"ycenter":121,"ymax":0.5908203125,"ymin":0.2174072265625},"faces":[{"X":79,"Y":49,"Z":600,"label":1,"score":1.0,"xcenter":198,"xmax":0.8212890625,"xmin":0.5048828125,"ycenter":121,"ymax":0.5908203125,"ymin":0.2174072265625}]}