{"best":{"X":25,"Y":62,"Z":580,"label":1,"score":1.0,"xcenter":166,"xmax":0.7236328125,"xmin":0.3876953125,"ycenter":112,"ymax":0.55712890625,"ymin":0.1944580078125},"faces":[{"X":25,"Y":62,"Z":580,"label":1,"score":1.0,"xcenter":166,"xmax":0.7236328125,"xmin":0.3876953125,"ycenter":112,"ymax":0.55712890625,"ymin":0.1944580078125}]}