{"best":{"X":-85,"Y":61,"Z":344,"label":1,"score":0.984375,"xcenter":62,"xmax":0.429443359375,"xmin":-0.01220703125,"ycenter":86,"ymax":0.5927734375,"ymin":-0.018798828125},"faces":[{"X":-85,"Y":61,"Z":344,"label":1,"score":0.984375,"xcenter":62,"xmax":0.429443359375,"xmin":-0.01220703125,"ycenter":86,"ymax":0.5927734375,"ymin":-0.018798828125}]}