{"best":{"X":-15,"Y":79,"Z":489,"label":1,"score":1.0,"xcenter":139,"xmax":0.65380859375,"xmin":0.27783203125,"ycenter":92,"ymax":0.5234375,"ymin":0.092041015625},"faces":[{"X":-15,"Y":79,"Z":489,"label":1,"score":1.0,"xcenter":139,"xmax":0.65380859375,"xmin":0.27783203125,"ycenter":92,"ymax":0.5234375,"ymin":0.092041015625}]}