{"best":{"X":-16,"Y":73,"Z":564,"label":1,"score":1.0,"xcenter":140,"xmax":0.640625,"xmin":0.296875,"ycenter":104,"ymax":0.529296875,"ymin":0.1680908203125},"faces":[{"X":-16,"Y":73,"Z":564,"label":1,"score":1.0,"xcenter":140,"xmax":0.640625,"xmin":0.296875,"ycenter":104,"ymax":0.529296875,"ymin":0.1680908203125}]}