{"best":{"X":-3,"Y":71,"Z":567,"label":1,"score":1.0,"xcenter":148,"xmax":0.662109375,"xmin":0.3330078125,"ycenter":105,"ymax":0.5361328125,"ymin":0.170654296875},"faces":[{"X":-3,"Y":71,"Z":567,"label":1,"score":1.0,"xcenter":148,"xmax":0.662109375,"xmin":0.3330078125,"ycenter":105,"ymax":0.5361328125,"ymin":0.170654296875}]}