{"best":{"X":-75,"Y":78,"Z":387,"label":1,"score":1.0,"xcenter":81,"xmax":0.51708984375,"xmin":0.0244140625,"ycenter":78,"ymax":0.5224609375,"ymin":0.000732421875},"faces":[{"X":-75,"Y":78,"Z":387,"label":1,"score":1.0,"xcenter":81,"xmax":0.51708984375,"xmin":0.0244140625,"ycenter":78,"ymax":0.5224609375,"ymin":0.000732421875}]}