{"best":{"X":-35,"Y":73,"Z":571,"label":1,"score":1.0,"xcenter":128,"xmax":0.59912109375,"xmin":0.259765625,"ycenter":104,"ymax":0.5322265625,"ymin":0.166259765625},"faces":[{"X":-35,"Y":73,"Z":571,"label":1,"score":1.0,"xcenter":128,"xmax":0.59912109375,"xmin":0.259765625,"ycenter":104,"ymax":0.5322265625,"ymin":0.166259765625}]}