{"best":{"X":-8,"Y":61,"Z":575,"label":1,"score":1.0,"xcenter":145,"xmax":0.65966796875,"xmin":0.3134765625,"ycenter":112,"ymax":0.56494140625,"ymin":0.18798828125},"faces":[{"X":-8,"Y":61,"Z":575,"label":1,"score":1.0,"xcenter":145,"xmax":0.65966796875,"xmin":0.3134765625,"ycenter":112,"ymax":0.56494140625,"ymin":0.18798828125}]}