{"best":{"X":2,"Y":46,"Z":669,"label":1,"score":0.99951171875,"xcenter":152,"xmax":0.6533203125,"xmin":0.366943359375,"ycenter":125,"ymax":0.5908203125,"ymin":0.24365234375},"faces":[{"X":2,"Y":46,"Z":669,"label":1,"score":0.99951171875,"xcenter":152,"xmax":0.6533203125,"xmin":0.366943359375,"ycenter":125,"ymax":0.5908203125,"ymin":0.24365234375}]}