{"best":{"X":-15,"Y":69,"Z":565,"label":1,"score":1.0,"xcenter":141,"xmax":0.64306640625,"xmin":0.30078125,"ycenter":106,"ymax":0.5517578125,"ymin":0.1627197265625},"faces":[{"X":-15,"Y":69,"Z":565,"label":1,"score":1.0,"xcenter":141,"xmax":0.64306640625,"xmin":0.30078125,"ycenter":106,"ymax":0.5517578125,"ymin":0.1627197265625}]}