{"best":{"X":48,"Y":64,"Z":585,"label":1,"score":1.0,"xcenter":180,"xmax":0.7724609375,"xmin":0.436279296875,"ycenter":111,"ymax":0.546875,"ymin":0.1998291015625},"faces":[{"X":48,"Y":64,"Z":585,"label":1,"score":1.0,"xcenter":180,"xmax":0.7724609375,"xmin":0.436279296875,"ycenter":111,"ymax":0.546875,"ymin":0.1998291015625}]}