{"best":{"X":-11,"Y":61,"Z":603,"label":1,"score":1.0,"xcenter":144,"xmax":0.646484375,"xmin":0.320556640625,"ycenter":114,"ymax":0.548828125,"ymin":0.2156982421875},"faces":[{"X":-11,"Y":61,"Z":603,"label":1,"score":1.0,"xcenter":144,"xmax":0.646484375,"xmin":0.320556640625,"ycenter":114,"ymax":0.548828125,"ymin":0.2156982421875}]}