{"best":{"X":-8,"Y":73,"Z":570,"label":1,"score":1.0,"xcenter":145,"xmax":0.6513671875,"xmin":0.31689453125,"ycenter":104,"ymax":0.52880859375,"ymin":0.1707763671875},"faces":[{"X":-8,"Y":73,"Z":570,"label":1,"score":1.0,"xcenter":145,"xmax":0.6513671875,"xmin":0.31689453125,"ycenter":104,"ymax":0.52880859375,"ymin":0.1707763671875}]}