{"best":{"X":5,"Y":69,"Z":571,"label":1,"score":1.0,"xcenter":154,"xmax":0.681640625,"xmin":0.346923828125,"ycenter":107,"ymax":0.55078125,"ymin":0.1666259765625},"faces":[{"X":5,"Y":69,"Z":571,"label":1,"score":1.0,"xcenter":154,"xmax":0.681640625,"xmin":0.346923828125,"ycenter":107,"ymax":0.55078125,"ymin":0.1666259765625}]}