{"best":{"X":-40,"Y":61,"Z":604,"label":1,"score":1.0,"xcenter":127,"xmax":0.591796875,"xmin":0.262939453125,"ycenter":114,"ymax":0.5517578125,"ymin":0.2147216796875},"faces":[{"X":-40,"Y":61,"Z":604,"label":1,"score":1.0,"xcenter":127,"xmax":0.591796875,"xmin":0.262939453125,"ycenter":114,"ymax":0.5517578125,"ymin":0.2147216796875}]}