{"best":{"X":-25,"Y":61,"Z":551,"label":1,"score":1.0,"xcenter":134,"xmax":0.63232421875,"xmin":0.263671875,"ycenter":110,"ymax":0.572265625,"ymin":0.165283203125},"faces":[{"X":-25,"Y":61,"Z":551,"label":1,"score":1.0,"xcenter":134,"xmax":0.63232421875,"xmin":0.263671875,"ycenter":110,"ymax":0.572265625,"ymin":0.165283203125}]}