{"best":{"X":-6,"Y":64,"Z":621,"label":1,"score":1.0,"xcenter":147,"xmax":0.65380859375,"xmin":0.3330078125,"ycenter":113,"ymax":0.55029296875,"ymin":0.2056884765625},"faces":[{"X":-6,"Y":64,"Z":621,"label":1,"score":1.0,"xcenter":147,"xmax":0.65380859375,"xmin":0.3330078125,"ycenter":113,"ymax":0.55029296875,"ymin":0.2056884765625}]}