{"best":{"X":12,"Y":65,"Z":581,"label":1,"score":1.0,"xcenter":158,"xmax":0.69384765625,"xmin":0.36572265625,"ycenter":110,"ymax":0.556640625,"ymin":0.185302734375},"faces":[{"X":12,"Y":65,"Z":581,"label":1,"score":1.0,"xcenter":158,"xmax":0.69384765625,"xmin":0.36572265625,"ycenter":110,"ymax":0.556640625,"ymin":0.185302734375}]}