{"best":{"X":-23,"Y":70,"Z":504,"label":1,"score":1.0,"xcenter":134,"xmax":0.63525390625,"xmin":0.26513671875,"ycenter":100,"ymax":0.5341796875,"ymin":0.136474609375},"faces":[{"X":-23,"Y":70,"Z":504,"label":1,"score":1.0,"xcenter":134,"xmax":0.63525390625,"xmin":0.26513671875,"ycenter":100,"ymax":0.5341796875,"ymin":0.136474609375}]}