{"best":{"X":79,"Y":50,"Z":598,"label":1,"score":1.0,"xcenter":198,"xmax":0.8193359375,"xmin":0.50390625,"ycenter":120,"ymax":0.58984375,"ymin":0.21484375},"faces":[{"X":79,"Y":50,"Z":598,"label":1,"score":1.0,"xcenter":198,"xmax":0.8193359375,"xmin":0.50390625,"ycenter":120,"ymax":0.58984375,"ymin":0.21484375}]}