{"best":{"X":-78,"Y":70,"Z":366,"label":1,"score":1.0,"xcenter":74,"xmax":0.494140625,"xmin":0.0028076171875,"ycenter":81,"ymax":0.5400390625,"ymin":0.001953125},"faces":[{"X":-78,"Y":70,"Z":366,"label":1,"score":1.0,"xcenter":74,"xmax":0.494140625,"xmin":0.0028076171875,"ycenter":81,"ymax":0.5400390625,"ymin":0.001953125}]}