{"best":{"X":-19,"Y":73,"Z":564,"label":1,"score":1.0,"xcenter":138,"xmax":0.634765625,"xmin":0.2900390625,"ycenter":104,"ymax":0.53271484375,"ymin":0.166015625},"faces":[{"X":-19,"Y":73,"Z":564,"label":1,"score":1.0,"xcenter":138,"xmax":0.634765625,"xmin":0.2900390625,"ycenter":104,"ymax":0.53271484375,"ymin":0.166015625}]}