{"best":{"X":54,"Y":55,"Z":566,"label":1,"score":1.0,"xcenter":185,"xmax":0.7890625,"xmin":0.452880859375,"ycenter":115,"ymax":0.568359375,"ymin":0.2003173828125},"faces":[{"X":54,"Y":55,"Z":566,"label":1,"score":1.0,"xcenter":185,"xmax":0.7890625,"xmin":0.452880859375,"ycenter":115,"ymax":0.568359375,"ymin":0.2003173828125}]}