{"best":{"X":-18,"Y":85,"Z":425,"label":1,"score":1.0,"xcenter":135,"xmax":0.65771484375,"xmin":0.2469482421875,"ycenter":78,"ymax":0.495849609375,"ymin":0.032470703125},"faces":[{"X":-18,"Y":85,"Z":425,"label":1,"score":1.0,"xcenter":135,"xmax":0.65771484375,"xmin":0.2469482421875,"ycenter":78,"ymax":0.495849609375,"ymin":0.032470703125}]}