{"best":{"X":-90,"Y":67,"Z":582,"label":1,"score":1.0,"xcenter":95,"xmax":0.49267578125,"xmin":0.1439208984375,"ycenter":109,"ymax":0.5400390625,"ymin":0.1873779296875},"faces":[{"X":-90,"Y":67,"Z":582,"label":1,"score":1.0,"xcenter":95,"xmax":0.49267578125,"xmin":0.1439208984375,"ycenter":109,"ymax":0.5400390625,"ymin":0.1873779296875}]}