{"best":{"X":73,"Y":62,"Z":540,"label":1,"score":1.0,"xcenter":199,"xmax":0.84033203125,"xmin":0.49072265625,"ycenter":109,"ymax":0.5576171875,"ymin":0.173583984375},"faces":[{"X":73,"Y":62,"Z":540,"label":1,"score":1.0,"xcenter":199,"xmax":0.84033203125,"xmin":0.49072265625,"ycenter":109,"ymax":0.5576171875,"ymin":0.173583984375}]}