{"best":{"X":-5,"Y":71,"Z":571,"label":1,"score":1.0,"xcenter":147,"xmax":0.654296875,"xmin":0.3271484375,"ycenter":105,"ymax":0.5361328125,"ymin":0.17236328125},"faces":[{"X":-5,"Y":71,"Z":571,"label":1,"score":1.0,"xcenter":147,"xmax":0.654296875,"xmin":0.3271484375,"ycenter":105,"ymax":0.5361328125,"ymin":0.17236328125}]}