{"best":{"X":22,"Y":69,"Z":561,"label":1,"score":1.0,"xcenter":165,"xmax":0.7138671875,"xmin":0.38671875,"ycenter":106,"ymax":0.5390625,"ymin":0.172607421875},"faces":[{"X":22,"Y":69,"Z":561,"label":1,"score":1.0,"xcenter":165,"xmax":0.7138671875,"xmin":0.38671875,"ycenter":106,"ymax":0.5390625,"ymin":0.172607421875}]}