{"best":{"X":34,"Y":74,"Z":549,"label":1,"score":1.0,"xcenter":173,"xmax":0.75439453125,"xmin":0.40087890625,"ycenter":102,"ymax":0.533203125,"ymin":0.15576171875},"faces":[{"X":34,"Y":74,"Z":549,"label":1,"score":1.0,"xcenter":173,"xmax":0.75439453125,"xmin":0.40087890625,"ycenter":102,"ymax":0.533203125,"ymin":0.15576171875}]}