{"best":{"X":62,"Y":73,"Z":524,"label":1,"score":1.0,"xcenter":193,"xmax":0.833984375,"xmin":0.4580078125,"ycenter":100,"ymax":0.5283203125,"ymin":0.1416015625},"faces":[{"X":62,"Y":73,"Z":524,"label":1,"score":1.0,"xcenter":193,"xmax":0.833984375,"xmin":0.4580078125,"ycenter":100,"ymax":0.5283203125,"ymin":0.1416015625}]}