{"best":{"X":15,"Y":71,"Z":575,"label":1,"score":1.0,"xcenter":160,"xmax":0.7001953125,"xmin":0.373046875,"ycenter":106,"ymax":0.537109375,"ymin":0.172119140625},"faces":[{"X":15,"Y":71,"Z":575,"label":1,"score":1.0,"xcenter":160,"xmax":0.7001953125,"xmin":0.373046875,"ycenter":106,"ymax":0.537109375,"ymin":0.172119140625}]}