{"best":{"X":-31,"Y":75,"Z":573,"label":1,"score":1.0,"xcenter":131,"xmax":0.607421875,"xmin":0.270263671875,"ycenter":103,"ymax":0.515625,"ymin":0.1737060546875},"faces":[{"X":-31,"Y":75,"Z":573,"label":1,"score":1.0,"xcenter":131,"xmax":0.607421875,"xmin":0.270263671875,"ycenter":103,"ymax":0.515625,"ymin":0.1737060546875}]}