{"best":{"X":-23,"Y":82,"Z":394,"label":1,"score":1.0,"xcenter":129,"xmax":0.65625,"xmin":0.208740234375,"ycenter":75,"ymax":0.5,"ymin":0.0062255859375},"faces":[{"X":-23,"Y":82,"Z":394,"label":1,"score":1.0,"xcenter":129,"xmax":0.65625,"xmin":0.208740234375,"ycenter":75,"ymax":0.5,"ymin":0.0062255859375}]}