{"best":{"X":28,"Y":71,"Z":553,"label":1,"score":1.0,"xcenter":169,"xmax":0.73291015625,"xmin":0.39892578125,"ycenter":104,"ymax":0.5361328125,"ymin":0.1634521484375},"faces":[{"X":28,"Y":71,"Z":553,"label":1,"score":1.0,"xcenter":169,"xmax":0.73291015625,"xmin":0.39892578125,"ycenter":104,"ymax":0.5361328125,"ymin":0.1634521484375}]}