{"best":{"X":-31,"Y":70,"Z":343,"label":1,"score":1.0,"xcenter":118,"xmax":0.666015625,"xmin":0.12841796875,"ycenter":77,"ymax":0.51953125,"ymin":-0.001220703125},"faces":[{"X":-31,"Y":70,"Z":343,"label":1,"score":1.0,"xcenter":118,"xmax":0.666015625,"xmin":0.12841796875,"ycenter":77,"ymax":0.51953125,"ymin":-0.001220703125}]}