{"best":{"X":65,"Y":56,"Z":591,"label":1,"score":1.0,"xcenter":190,"xmax":0.79541015625,"xmin":0.47705078125,"ycenter":116,"ymax":0.576171875,"ymin":0.20556640625},"faces":[{"X":65,"Y":56,"Z":591,"label":1,"score":1.0,"xcenter":190,"xmax":0.79541015625,"xmin":0.47705078125,"ycenter":116,"ymax":0.576171875,"ymin":0.20556640625}]}