{"best":{"X":7,"Y":66,"Z":579,"label":1,"score":1.0,"xcenter":155,"xmax":0.68408203125,"xmin":0.35107421875,"ycenter":109,"ymax":0.55859375,"ymin":0.1712646484375},"faces":[{"X":7,"Y":66,"Z":579,"label":1,"score":1.0,"xcenter":155,"xmax":0.68408203125,"xmin":0.35107421875,"ycenter":109,"ymax":0.55859375,"ymin":0.1712646484375}]}