{"best":{"X":69,"Y":57,"Z":549,"label":1,"score":1.0,"xcenter":196,"xmax":0.82958984375,"xmin":0.48095703125,"ycenter":113,"ymax":0.56884765625,"ymin":0.1898193359375},"faces":[{"X":69,"Y":57,"Z":549,"label":1,"score":1.0,"xcenter":196,"xmax":0.82958984375,"xmin":0.48095703125,"ycenter":113,"ymax":0.56884765625,"ymin":0.1898193359375}]}