{"best":{"X":-96,"Y":77,"Z":557,"label":1,"score":1.0,"xcenter":89,"xmax":0.4775390625,"xmin":0.1202392578125,"ycenter":100,"ymax":0.513671875,"ymin":0.154296875},"faces":[{"X":-96,"Y":77,"Z":557,"label":1,"score":1.0,"xcenter":89,"xmax":0.4775390625,"xmin":0.1202392578125,"ycenter":100,"ymax":0.513671875,"ymin":0.154296875}]}