{"best":{"X":-31,"Y":75,"Z":574,"label":1,"score":1.0,"xcenter":131,"xmax":0.60791015625,"xmin":0.27001953125,"ycenter":103,"ymax":0.515625,"ymin":0.175048828125},"faces":[{"X":-31,"Y":75,"Z":574,"label":1,"score":1.0,"xcenter":131,"xmax":0.60791015625,"xmin":0.27001953125,"ycenter":103,"ymax":0.515625,"ymin":0.175048828125}]}