{"best":{"X":-6,"Y":71,"Z":579,"label":1,"score":1.0,"xcenter":147,"xmax":0.65625,"xmin":0.33251953125,"ycenter":106,"ymax":0.5419921875,"ymin":0.169921875},"faces":[{"X":-6,"Y":71,"Z":579,"label":1,"score":1.0,"xcenter":147,"xmax":0.65625,"xmin":0.33251953125,"ycenter":106,"ymax":0.5419921875,"ymin":0.169921875}]}