{"best":{"X":-2,"Y":71,"Z":568,"label":1,"score":1.0,"xcenter":149,"xmax":0.6650390625,"xmin":0.33447265625,"ycenter":105,"ymax":0.53955078125,"ymin":0.1693115234375},"faces":[{"X":-2,"Y":71,"Z":568,"label":1,"score":1.0,"xcenter":149,"xmax":0.6650390625,"xmin":0.33447265625,"ycenter":105,"ymax":0.53955078125,"ymin":0.1693115234375}]}