{"best":{"X":-7,"Y":71,"Z":566,"label":1,"score":1.0,"xcenter":146,"xmax":0.6552734375,"xmin":0.32275390625,"ycenter":105,"ymax":0.537109375,"ymin":0.1695556640625},"faces":[{"X":-7,"Y":71,"Z":566,"label":1,"score":1.0,"xcenter":146,"xmax":0.6552734375,"xmin":0.32275390625,"ycenter":105,"ymax":0.537109375,"ymin":0.1695556640625}]}