{"best":{"X":-19,"Y":80,"Z":505,"label":1,"score":1.0,"xcenter":137,"xmax":0.6455078125,"xmin":0.2744140625,"ycenter":93,"ymax":0.521484375,"ymin":0.105712890625},"faces":[{"X":-19,"Y":80,"Z":505,"label":1,"score":1.0,"xcenter":137,"xmax":0.6455078125,"xmin":0.2744140625,"ycenter":93,"ymax":0.521484375,"ymin":0.105712890625}]}