{"best":{"X":5,"Y":71,"Z":578,"label":1,"score":1.0,"xcenter":154,"xmax":0.6796875,"xmin":0.3505859375,"ycenter":106,"ymax":0.5439453125,"ymin":0.1646728515625},"faces":[{"X":5,"Y":71,"Z":578,"label":1,"score":1.0,"xcenter":154,"xmax":0.6796875,"xmin":0.3505859375,"ycenter":106,"ymax":0.5439453125,"ymin":0.1646728515625}]}