{"best":{"X":-65,"Y":77,"Z":561,"label":1,"score":1.0,"xcenter":109,"xmax":0.5419921875,"xmin":0.1900634765625,"ycenter":101,"ymax":0.51513671875,"ymin":0.1617431640625},"faces":[{"X":-65,"Y":77,"Z":561,"label":1,"score":1.0,"xcenter":109,"xmax":0.5419921875,"xmin":0.1900634765625,"ycenter":101,"ymax":0.51513671875,"ymin":0.1617431640625}]}