{"best":{"X":73,"Y":58,"Z":543,"label":1,"score":1.0,"xcenter":199,"xmax":0.84130859375,"xmin":0.49072265625,"ycenter":112,"ymax":0.56787109375,"ymin":0.1845703125},"faces":[{"X":73,"Y":58,"Z":543,"label":1,"score":1.0,"xcenter":199,"xmax":0.84130859375,"xmin":0.49072265625,"ycenter":112,"ymax":0.56787109375,"ymin":0.1845703125}]}