{"best":{"X":31,"Y":60,"Z":583,"label":1,"score":1.0,"xcenter":170,"xmax":0.73779296875,"xmin":0.40185546875,"ycenter":113,"ymax":0.5693359375,"ymin":0.1885986328125},"faces":[{"X":31,"Y":60,"Z":583,"label":1,"score":1.0,"xcenter":170,"xmax":0.73779296875,"xmin":0.40185546875,"ycenter":113,"ymax":0.5693359375,"ymin":0.1885986328125}]}