{"best":{"X":0,"Y":70,"Z":533,"label":1,"score":1.0,"xcenter":151,"xmax":0.6806640625,"xmin":0.3330078125,"ycenter":103,"ymax":0.54052734375,"ymin":0.1531982421875},"faces":[{"X":0,"Y":70,"Z":533,"label":1,"score":1.0,"xcenter":151,"xmax":0.6806640625,"xmin":0.3330078125,"ycenter":103,"ymax":0.54052734375,"ymin":0.1531982421875}]}