{"best":{"X":-123,"Y":70,"Z":573,"label":1,"score":1.0,"xcenter":74,"xmax":0.4208984375,"xmin":0.0750732421875,"ycenter":106,"ymax":0.52734375,"ymin":0.181884765625},"faces":[{"X":-123,"Y":70,"Z":573,"label":1,"score":1.0,"xcenter":74,"xmax":0.4208984375,"xmin":0.0750732421875,"ycenter":106,"ymax":0.52734375,"ymin":0.181884765625}]}