{"best":{"X":-109,"Y":83,"Z":459,"label":1,"score":1.0,"xcenter":65,"xmax":0.43408203125,"xmin":0.00537109375,"ycenter":85,"ymax":0.5322265625,"ymin":0.040283203125},"faces":[{"X":-109,"Y":83,"Z":459,"label":1,"score":1.0,"xcenter":65,"xmax":0.43408203125,"xmin":0.00537109375,"ycenter":85,"ymax":0.5322265625,"ymin":0.040283203125}]}