{"best":{"X":-7,"Y":74,"Z":578,"label":1,"score":1.0,"xcenter":146,"xmax":0.6513671875,"xmin":0.326171875,"ycenter":104,"ymax":0.5283203125,"ymin":0.171630859375},"faces":[{"X":-7,"Y":74,"Z":578,"label":1,"score":1.0,"xcenter":146,"xmax":0.6513671875,"xmin":0.326171875,"ycenter":104,"ymax":0.5283203125,"ymin":0.171630859375}]}