{"best":{"X":4,"Y":58,"Z":580,"label":1,"score":1.0,"xcenter":153,"xmax":0.68408203125,"xmin":0.34228515625,"ycenter":114,"ymax":0.57275390625,"ymin":0.1920166015625},"faces":[{"X":4,"Y":58,"Z":580,"label":1,"score":1.0,"xcenter":153,"xmax":0.68408203125,"xmin":0.34228515625,"ycenter":114,"ymax":0.57275390625,"ymin":0.1920166015625}]}