{"best":{"X":-7,"Y":74,"Z":578,"label":1,"score":1.0,"xcenter":146,"xmax":0.6533203125,"xmin":0.327392578125,"ycenter":104,"ymax":0.53125,"ymin":0.1693115234375},"faces":[{"X":-7,"Y":74,"Z":578,"label":1,"score":1.0,"xcenter":146,"xmax":0.6533203125,"xmin":0.327392578125,"ycenter":104,"ymax":0.53125,"ymin":0.1693115234375}]}