{"best":{"X":-55,"Y":78,"Z":572,"label":1,"score":1.0,"xcenter":116,"xmax":0.55810546875,"xmin":0.2222900390625,"ycenter":101,"ymax":0.50341796875,"ymin":0.1739501953125},"faces":[{"X":-55,"Y":78,"Z":572,"label":1,"score":1.0,"xcenter":116,"xmax":0.55810546875,"xmin":0.2222900390625,"ycenter":101,"ymax":0.50341796875,"ymin":0.1739501953125}]}