{"best":{"X":-21,"Y":79,"Z":522,"label":1,"score":1.0,"xcenter":136,"xmax":0.63623046875,"xmin":0.27685546875,"ycenter":96,"ymax":0.50537109375,"ymin":0.1409912109375},"faces":[{"X":-21,"Y":79,"Z":522,"label":1,"score":1.0,"xcenter":136,"xmax":0.63623046875,"xmin":0.27685546875,"ycenter":96,"ymax":0.50537109375,"ymin":0.1409912109375}]}