{"best":{"X":18,"Y":52,"Z":584,"label":1,"score":1.0,"xcenter":162,"xmax":0.70751953125,"xmin":0.37451171875,"ycenter":118,"ymax":0.57421875,"ymin":0.215087890625},"faces":[{"X":18,"Y":52,"Z":584,"label":1,"score":1.0,"xcenter":162,"xmax":0.70751953125,"xmin":0.37451171875,"ycenter":118,"ymax":0.57421875,"ymin":0.215087890625}]}