{"best":{"X":-82,"Y":61,"Z":346,"label":1,"score":0.99609375,"xcenter":65,"xmax":0.447021484375,"xmin":-0.011474609375,"ycenter":87,"ymax":0.5947265625,"ymin":-0.010986328125},"faces":[{"X":-82,"Y":61,"Z":346,"label":1,"score":0.99609375,"xcenter":65,"xmax":0.447021484375,"xmin":-0.011474609375,"ycenter":87,"ymax":0.5947265625,"ymin":-0.010986328125}]}