{"best":{"X":-93,"Y":64,"Z":604,"label":1,"score":1.0,"xcenter":95,"xmax":0.489013671875,"xmin":0.151611328125,"ycenter":112,"ymax":0.5458984375,"ymin":0.207275390625},"faces":[{"X":-93,"Y":64,"Z":604,"label":1,"score":1.0,"xcenter":95,"xmax":0.489013671875,"xmin":0.151611328125,"ycenter":112,"ymax":0.5458984375,"ymin":0.207275390625}]}