{"best":{"X":-2,"Y":73,"Z":567,"label":1,"score":1.0,"xcenter":149,"xmax":0.6630859375,"xmin":0.334228515625,"ycenter":104,"ymax":0.533203125,"ymin":0.16943359375},"faces":[{"X":-2,"Y":73,"Z":567,"label":1,"score":1.0,"xcenter":149,"xmax":0.6630859375,"xmin":0.334228515625,"ycenter":104,"ymax":0.533203125,"ymin":0.16943359375}]}