{"best":{"X":-101,"Y":78,"Z":535,"label":1,"score":1.0,"xcenter":83,"xmax":0.45751953125,"xmin":0.1004638671875,"ycenter":98,"ymax":0.5185546875,"ymin":0.141845703125},"faces":[{"X":-101,"Y":78,"Z":535,"label":1,"score":1.0,"xcenter":83,"xmax":0.45751953125,"xmin":0.1004638671875,"ycenter":98,"ymax":0.5185546875,"ymin":0.141845703125}]}