{"best":{"X":-23,"Y":74,"Z":566,"label":1,"score":1.0,"xcenter":136,"xmax":0.625,"xmin":0.284912109375,"ycenter":103,"ymax":0.51953125,"ymin":0.1719970703125},"faces":[{"X":-23,"Y":74,"Z":566,"label":1,"score":1.0,"xcenter":136,"xmax":0.625,"xmin":0.284912109375,"ycenter":103,"ymax":0.51953125,"ymin":0.1719970703125}]}