{"best":{"X":-4,"Y":66,"Z":580,"label":1,"score":1.0,"xcenter":148,"xmax":0.6630859375,"xmin":0.330322265625,"ycenter":109,"ymax":0.5537109375,"ymin":0.1766357421875},"faces":[{"X":-4,"Y":66,"Z":580,"label":1,"score":1.0,"xcenter":148,"xmax":0.6630859375,"xmin":0.330322265625,"ycenter":109,"ymax":0.5537109375,"ymin":0.1766357421875}]}