{"best":{"X":16,"Y":72,"Z":561,"label":1,"score":1.0,"xcenter":161,"xmax":0.7021484375,"xmin":0.378173828125,"ycenter":104,"ymax":0.5341796875,"ymin":0.1654052734375},"faces":[{"X":16,"Y":72,"Z":561,"label":1,"score":1.0,"xcenter":161,"xmax":0.7021484375,"xmin":0.378173828125,"ycenter":104,"ymax":0.5341796875,"ymin":0.1654052734375}]}