{"best":{"X":-44,"Y":77,"Z":501,"label":1,"score":1.0,"xcenter":119,"xmax":0.58837890625,"xmin":0.2105712890625,"ycenter":95,"ymax":0.5322265625,"ymin":0.10546875},"faces":[{"X":-44,"Y":77,"Z":501,"label":1,"score":1.0,"xcenter":119,"xmax":0.58837890625,"xmin":0.2105712890625,"ycenter":95,"ymax":0.5322265625,"ymin":0.10546875}]}