{"best":{"X":28,"Y":61,"Z":591,"label":1,"score":1.0,"xcenter":168,"xmax":0.72802734375,"xmin":0.39794921875,"ycenter":113,"ymax":0.5576171875,"ymin":0.200439453125},"faces":[{"X":28,"Y":61,"Z":591,"label":1,"score":1.0,"xcenter":168,"xmax":0.72802734375,"xmin":0.39794921875,"ycenter":113,"ymax":0.5576171875,"ymin":0.200439453125}]}