{"best":{"label":1,"score":1.0,"xcenter":165,"xmax":0.7158203125,"xmin":0.388916015625,"ycenter":106,"ymax":0.53759765625,"ymin":0.17236328125},"faces":[{"label":1,"score":1.0,"xcenter":165,"xmax":0.7158203125,"xmin":0.388916015625,"ycenter":106,"ymax":0.53759765625,"ymin":0.17236328125}]}