{"best":{"X":-16,"Y":66,"Z":565,"label":1,"score":1.0,"xcenter":140,"xmax":0.64111328125,"xmin":0.29638671875,"ycenter":108,"ymax":0.55810546875,"ymin":0.16357421875},"faces":[{"X":-16,"Y":66,"Z":565,"label":1,"score":1.0,"xcenter":140,"xmax":0.64111328125,"xmin":0.29638671875,"ycenter":108,"ymax":0.55810546875,"ymin":0.16357421875}]}