{"best":{"X":-153,"Y":62,"Z":581,"label":1,"score":1.0,"xcenter":56,"xmax":0.36279296875,"xmin":0.0135498046875,"ycenter":112,"ymax":0.55126953125,"ymin":0.1995849609375},"faces":[{"X":-153,"Y":62,"Z":581,"label":1,"score":1.0,"xcenter":56,"xmax":0.36279296875,"xmin":0.0135498046875,"ycenter":112,"ymax":0.55126953125,"ymin":0.1995849609375}]}