{"best":{"X":18,"Y":62,"Z":574,"label":1,"score":1.0,"xcenter":162,"xmax":0.70703125,"xmin":0.375,"ycenter":111,"ymax":0.5576171875,"ymin":0.1856689453125},"faces":[{"X":18,"Y":62,"Z":574,"label":1,"score":1.0,"xcenter":162,"xmax":0.70703125,"xmin":0.375,"ycenter":111,"ymax":0.5576171875,"ymin":0.1856689453125}]}