{"best":{"X":5,"Y":72,"Z":576,"label":1,"score":1.0,"xcenter":154,"xmax":0.681640625,"xmin":0.3505859375,"ycenter":105,"ymax":0.5400390625,"ymin":0.165283203125},"faces":[{"X":5,"Y":72,"Z":576,"label":1,"score":1.0,"xcenter":154,"xmax":0.681640625,"xmin":0.3505859375,"ycenter":105,"ymax":0.5400390625,"ymin":0.165283203125}]}