{"best":{"X":-5,"Y":71,"Z":566,"label":1,"score":1.0,"xcenter":147,"xmax":0.6591796875,"xmin":0.328125,"ycenter":105,"ymax":0.53955078125,"ymin":0.1688232421875},"faces":[{"X":-5,"Y":71,"Z":566,"label":1,"score":1.0,"xcenter":147,"xmax":0.6591796875,"xmin":0.328125,"ycenter":105,"ymax":0.53955078125,"ymin":0.1688232421875}]}