{"best":{"X":-60,"Y":82,"Z":432,"label":1,"score":1.0,"xcenter":100,"xmax":0.5400390625,"xmin":0.1280517578125,"ycenter":82,"ymax":0.51318359375,"ymin":0.03759765625},"faces":[{"X":-60,"Y":82,"Z":432,"label":1,"score":1.0,"xcenter":100,"xmax":0.5400390625,"xmin":0.1280517578125,"ycenter":82,"ymax":0.51318359375,"ymin":0.03759765625}]}