{"best":{"X":-152,"Y":63,"Z":581,"label":1,"score":1.0,"xcenter":57,"xmax":0.371337890625,"xmin":0.016357421875,"ycenter":111,"ymax":0.5498046875,"ymin":0.1990966796875},"faces":[{"X":-152,"Y":63,"Z":581,"label":1,"score":1.0,"xcenter":57,"xmax":0.371337890625,"xmin":0.016357421875,"ycenter":111,"ymax":0.5498046875,"ymin":0.1990966796875}]}