{"best":{"X":68,"Y":56,"Z":603,"label":1,"score":1.0,"xcenter":191,"xmax":0.798828125,"xmin":0.483154296875,"ycenter":117,"ymax":0.57568359375,"ymin":0.2105712890625},"faces":[{"X":68,"Y":56,"Z":603,"label":1,"score":1.0,"xcenter":191,"xmax":0.798828125,"xmin":0.483154296875,"ycenter":117,"ymax":0.57568359375,"ymin":0.2105712890625}]}