{"best":{"X":-2,"Y":58,"Z":576,"label":1,"score":1.0,"xcenter":149,"xmax":0.6728515625,"xmin":0.3271484375,"ycenter":114,"ymax":0.568359375,"ymin":0.1947021484375},"faces":[{"X":-2,"Y":58,"Z":576,"label":1,"score":1.0,"xcenter":149,"xmax":0.6728515625,"xmin":0.3271484375,"ycenter":114,"ymax":0.568359375,"ymin":0.1947021484375}]}