{"best":{"X":45,"Y":63,"Z":576,"label":1,"score":1.0,"xcenter":179,"xmax":0.76611328125,"xmin":0.43212890625,"ycenter":111,"ymax":0.556640625,"ymin":0.190185546875},"faces":[{"X":45,"Y":63,"Z":576,"label":1,"score":1.0,"xcenter":179,"xmax":0.76611328125,"xmin":0.43212890625,"ycenter":111,"ymax":0.556640625,"ymin":0.190185546875}]}