{"best":{"X":25,"Y":69,"Z":569,"label":1,"score":1.0,"xcenter":167,"xmax":0.7333984375,"xmin":0.384765625,"ycenter":107,"ymax":0.54833984375,"ymin":0.171875},"faces":[{"X":25,"Y":69,"Z":569,"label":1,"score":1.0,"xcenter":167,"xmax":0.7333984375,"xmin":0.384765625,"ycenter":107,"ymax":0.54833984375,"ymin":0.171875}]}