{"best":{"X":65,"Y":65,"Z":539,"label":1,"score":1.0,"xcenter":194,"xmax":0.828125,"xmin":0.468994140625,"ycenter":107,"ymax":0.5478515625,"ymin":0.169677734375},"faces":[{"X":65,"Y":65,"Z":539,"label":1,"score":1.0,"xcenter":194,"xmax":0.828125,"xmin":0.468994140625,"ycenter":107,"ymax":0.5478515625,"ymin":0.169677734375}]}