{"best":{"X":-10,"Y":72,"Z":500,"label":1,"score":1.0,"xcenter":143,"xmax":0.66455078125,"xmin":0.2919921875,"ycenter":98,"ymax":0.53125,"ymin":0.128662109375},"faces":[{"X":-10,"Y":72,"Z":500,"label":1,"score":1.0,"xcenter":143,"xmax":0.66455078125,"xmin":0.2919921875,"ycenter":98,"ymax":0.53125,"ymin":0.128662109375}]}