{"best":{"X":38,"Y":62,"Z":585,"label":1,"score":1.0,"xcenter":174,"xmax":0.7509765625,"xmin":0.416015625,"ycenter":112,"ymax":0.5537109375,"ymin":0.19775390625},"faces":[{"X":38,"Y":62,"Z":585,"label":1,"score":1.0,"xcenter":174,"xmax":0.7509765625,"xmin":0.416015625,"ycenter":112,"ymax":0.5537109375,"ymin":0.19775390625}]}