{"best":{"X":-144,"Y":63,"Z":582,"label":1,"score":1.0,"xcenter":62,"xmax":0.384033203125,"xmin":0.03515625,"ycenter":111,"ymax":0.5478515625,"ymin":0.199462890625},"faces":[{"X":-144,"Y":63,"Z":582,"label":1,"score":1.0,"xcenter":62,"xmax":0.384033203125,"xmin":0.03515625,"ycenter":111,"ymax":0.5478515625,"ymin":0.199462890625}]}