{"best":{"X":-10,"Y":60,"Z":579,"label":1,"score":1.0,"xcenter":144,"xmax":0.654296875,"xmin":0.310791015625,"ycenter":113,"ymax":0.5693359375,"ymin":0.19287109375},"faces":[{"X":-10,"Y":60,"Z":579,"label":1,"score":1.0,"xcenter":144,"xmax":0.654296875,"xmin":0.310791015625,"ycenter":113,"ymax":0.5693359375,"ymin":0.19287109375}]}