{"best":{"X":-126,"Y":69,"Z":575,"label":1,"score":1.0,"xcenter":72,"xmax":0.41650390625,"xmin":0.0718994140625,"ycenter":107,"ymax":0.53125,"ymin":0.185791015625},"faces":[{"X":-126,"Y":69,"Z":575,"label":1,"score":1.0,"xcenter":72,"xmax":0.41650390625,"xmin":0.0718994140625,"ycenter":107,"ymax":0.53125,"ymin":0.185791015625}]}