{"best":{"X":25,"Y":71,"Z":529,"label":1,"score":1.0,"xcenter":168,"xmax":0.7392578125,"xmin":0.388671875,"ycenter":102,"ymax":0.5224609375,"ymin":0.1629638671875},"faces":[{"X":25,"Y":71,"Z":529,"label":1,"score":1.0,"xcenter":168,"xmax":0.7392578125,"xmin":0.388671875,"ycenter":102,"ymax":0.5224609375,"ymin":0.1629638671875}]}