{"best":{"X":-17,"Y":81,"Z":496,"label":1,"score":1.0,"xcenter":138,"xmax":0.6513671875,"xmin":0.2724609375,"ycenter":92,"ymax":0.52001953125,"ymin":0.0946044921875},"faces":[{"X":-17,"Y":81,"Z":496,"label":1,"score":1.0,"xcenter":138,"xmax":0.6513671875,"xmin":0.2724609375,"ycenter":92,"ymax":0.52001953125,"ymin":0.0946044921875}]}