{"best":{"X":-10,"Y":68,"Z":585,"label":1,"score":1.0,"xcenter":144,"xmax":0.65625,"xmin":0.310302734375,"ycenter":108,"ymax":0.54638671875,"ymin":0.1827392578125},"faces":[{"X":-10,"Y":68,"Z":585,"label":1,"score":1.0,"xcenter":144,"xmax":0.65625,"xmin":0.310302734375,"ycenter":108,"ymax":0.54638671875,"ymin":0.1827392578125}]}