{"best":{"X":-5,"Y":70,"Z":567,"label":1,"score":1.0,"xcenter":147,"xmax":0.65869140625,"xmin":0.32666015625,"ycenter":106,"ymax":0.5458984375,"ymin":0.16650390625},"faces":[{"X":-5,"Y":70,"Z":567,"label":1,"score":1.0,"xcenter":147,"xmax":0.65869140625,"xmin":0.32666015625,"ycenter":106,"ymax":0.5458984375,"ymin":0.16650390625}]}