{"best":{"X":7,"Y":70,"Z":571,"label":1,"score":1.0,"xcenter":155,"xmax":0.68603515625,"xmin":0.35107421875,"ycenter":106,"ymax":0.5458984375,"ymin":0.16943359375},"faces":[{"X":7,"Y":70,"Z":571,"label":1,"score":1.0,"xcenter":155,"xmax":0.68603515625,"xmin":0.35107421875,"ycenter":106,"ymax":0.5458984375,"ymin":0.16943359375}]}