{"best":{"X":-39,"Y":77,"Z":375,"label":1,"score":1.0,"xcenter":113,"xmax":0.6396484375,"xmin":0.121826171875,"ycenter":77,"ymax":0.51708984375,"ymin":0.0},"faces":[{"X":-39,"Y":77,"Z":375,"label":1,"score":1.0,"xcenter":113,"xmax":0.6396484375,"xmin":0.121826171875,"ycenter":77,"ymax":0.51708984375,"ymin":0.0}]}