{"best":{"X":-49,"Y":77,"Z":528,"label":1,"score":1.0,"xcenter":117,"xmax":0.57763671875,"xmin":0.2071533203125,"ycenter":98,"ymax":0.52490234375,"ymin":0.1343994140625},"faces":[{"X":-49,"Y":77,"Z":528,"label":1,"score":1.0,"xcenter":117,"xmax":0.57763671875,"xmin":0.2071533203125,"ycenter":98,"ymax":0.52490234375,"ymin":0.1343994140625}]}