{"best":{"X":5,"Y":64,"Z":575,"label":1,"score":1.0,"xcenter":154,"xmax":0.67822265625,"xmin":0.35009765625,"ycenter":110,"ymax":0.56982421875,"ymin":0.17041015625},"faces":[{"X":5,"Y":64,"Z":575,"label":1,"score":1.0,"xcenter":154,"xmax":0.67822265625,"xmin":0.35009765625,"ycenter":110,"ymax":0.56982421875,"ymin":0.17041015625}]}