{"best":{"X":55,"Y":57,"Z":596,"label":1,"score":1.0,"xcenter":184,"xmax":0.787109375,"xmin":0.4462890625,"ycenter":116,"ymax":0.576171875,"ymin":0.204345703125},"faces":[{"X":55,"Y":57,"Z":596,"label":1,"score":1.0,"xcenter":184,"xmax":0.787109375,"xmin":0.4462890625,"ycenter":116,"ymax":0.576171875,"ymin":0.204345703125}]}