{"best":{"X":15,"Y":60,"Z":586,"label":1,"score":1.0,"xcenter":160,"xmax":0.70849609375,"xmin":0.36474609375,"ycenter":113,"ymax":0.56982421875,"ymin":0.1905517578125},"faces":[{"X":15,"Y":60,"Z":586,"label":1,"score":1.0,"xcenter":160,"xmax":0.70849609375,"xmin":0.36474609375,"ycenter":113,"ymax":0.56982421875,"ymin":0.1905517578125}]}