{"best":{"X":-9,"Y":82,"Z":476,"label":1,"score":1.0,"xcenter":143,"xmax":0.669921875,"xmin":0.28955078125,"ycenter":88,"ymax":0.51171875,"ymin":0.0831298828125},"faces":[{"X":-9,"Y":82,"Z":476,"label":1,"score":1.0,"xcenter":143,"xmax":0.669921875,"xmin":0.28955078125,"ycenter":88,"ymax":0.51171875,"ymin":0.0831298828125}]}