{"best":{"X":-7,"Y":71,"Z":566,"label":1,"score":1.0,"xcenter":146,"xmax":0.6552734375,"xmin":0.324462890625,"ycenter":105,"ymax":0.5322265625,"ymin":0.1705322265625},"faces":[{"X":-7,"Y":71,"Z":566,"label":1,"score":1.0,"xcenter":146,"xmax":0.6552734375,"xmin":0.324462890625,"ycenter":105,"ymax":0.5322265625,"ymin":0.1705322265625}]}