{"best":{"X":77,"Y":59,"Z":361,"label":1,"score":1.0,"xcenter":227,"xmax":1.0029296875,"xmin":0.517578125,"ycenter":91,"ymax":0.61328125,"ymin":-0.002685546875},"faces":[{"X":77,"Y":59,"Z":361,"label":1,"score":1.0,"xcenter":227,"xmax":1.0029296875,"xmin":0.517578125,"ycenter":91,"ymax":0.61328125,"ymin":-0.002685546875}]}