{"best":{"X":23,"Y":54,"Z":583,"label":1,"score":1.0,"xcenter":165,"xmax":0.72314453125,"xmin":0.38623046875,"ycenter":117,"ymax":0.5712890625,"ymin":0.212158203125},"faces":[{"X":23,"Y":54,"Z":583,"label":1,"score":1.0,"xcenter":165,"xmax":0.72314453125,"xmin":0.38623046875,"ycenter":117,"ymax":0.5712890625,"ymin":0.212158203125}]}