{"best":{"X":3,"Y":69,"Z":563,"label":1,"score":1.0,"xcenter":153,"xmax":0.6767578125,"xmin":0.343505859375,"ycenter":106,"ymax":0.54248046875,"ymin":0.1668701171875},"faces":[{"X":3,"Y":69,"Z":563,"label":1,"score":1.0,"xcenter":153,"xmax":0.6767578125,"xmin":0.343505859375,"ycenter":106,"ymax":0.54248046875,"ymin":0.1668701171875}]}