{"best":{"X":-10,"Y":69,"Z":565,"label":1,"score":1.0,"xcenter":144,"xmax":0.65234375,"xmin":0.3115234375,"ycenter":106,"ymax":0.54638671875,"ymin":0.16650390625},"faces":[{"X":-10,"Y":69,"Z":565,"label":1,"score":1.0,"xcenter":144,"xmax":0.65234375,"xmin":0.3115234375,"ycenter":106,"ymax":0.54638671875,"ymin":0.16650390625}]}