{"best":{"X":0,"Y":57,"Z":659,"label":1,"score":1.0,"xcenter":150,"xmax":0.6533203125,"xmin":0.356201171875,"ycenter":119,"ymax":0.5537109375,"ymin":0.2442626953125},"faces":[{"X":0,"Y":57,"Z":659,"label":1,"score":1.0,"xcenter":150,"xmax":0.6533203125,"xmin":0.356201171875,"ycenter":119,"ymax":0.5537109375,"ymin":0.2442626953125}]}