{"best":{"X":-4,"Y":70,"Z":578,"label":1,"score":1.0,"xcenter":148,"xmax":0.6630859375,"xmin":0.33251953125,"ycenter":107,"ymax":0.54150390625,"ymin":0.1776123046875},"faces":[{"X":-4,"Y":70,"Z":578,"label":1,"score":1.0,"xcenter":148,"xmax":0.6630859375,"xmin":0.33251953125,"ycenter":107,"ymax":0.54150390625,"ymin":0.1776123046875}]}