{"best":{"X":32,"Y":61,"Z":589,"label":1,"score":1.0,"xcenter":170,"xmax":0.736328125,"xmin":0.40625,"ycenter":113,"ymax":0.56640625,"ymin":0.1962890625},"faces":[{"X":32,"Y":61,"Z":589,"label":1,"score":1.0,"xcenter":170,"xmax":0.736328125,"xmin":0.40625,"ycenter":113,"ymax":0.56640625,"ymin":0.1962890625}]}