{"best":{"X":-13,"Y":70,"Z":563,"label":1,"score":1.0,"xcenter":142,"xmax":0.6494140625,"xmin":0.30322265625,"ycenter":105,"ymax":0.53662109375,"ymin":0.1693115234375},"faces":[{"X":-13,"Y":70,"Z":563,"label":1,"score":1.0,"xcenter":142,"xmax":0.6494140625,"xmin":0.30322265625,"ycenter":105,"ymax":0.53662109375,"ymin":0.1693115234375}]}