{"best":{"X":-32,"Y":70,"Z":563,"label":1,"score":1.0,"xcenter":130,"xmax":0.60791015625,"xmin":0.2626953125,"ycenter":105,"ymax":0.5322265625,"ymin":0.1727294921875},"faces":[{"X":-32,"Y":70,"Z":563,"label":1,"score":1.0,"xcenter":130,"xmax":0.60791015625,"xmin":0.2626953125,"ycenter":105,"ymax":0.5322265625,"ymin":0.1727294921875}]}