{"best":{"X":-7,"Y":73,"Z":565,"label":1,"score":1.0,"xcenter":146,"xmax":0.654296875,"xmin":0.324462890625,"ycenter":104,"ymax":0.52783203125,"ymin":0.1710205078125},"faces":[{"X":-7,"Y":73,"Z":565,"label":1,"score":1.0,"xcenter":146,"xmax":0.654296875,"xmin":0.324462890625,"ycenter":104,"ymax":0.52783203125,"ymin":0.1710205078125}]}