{"best":{"X":-34,"Y":69,"Z":561,"label":1,"score":1.0,"xcenter":129,"xmax":0.60546875,"xmin":0.26171875,"ycenter":106,"ymax":0.53271484375,"ymin":0.1796875},"faces":[{"X":-34,"Y":69,"Z":561,"label":1,"score":1.0,"xcenter":129,"xmax":0.60546875,"xmin":0.26171875,"ycenter":106,"ymax":0.53271484375,"ymin":0.1796875}]}