{"best":{"X":67,"Y":57,"Z":553,"label":1,"score":1.0,"xcenter":194,"xmax":0.8232421875,"xmin":0.4755859375,"ycenter":113,"ymax":0.56494140625,"ymin":0.1937255859375},"faces":[{"X":67,"Y":57,"Z":553,"label":1,"score":1.0,"xcenter":194,"xmax":0.8232421875,"xmin":0.4755859375,"ycenter":113,"ymax":0.56494140625,"ymin":0.1937255859375}]}