{"best":{"X":-13,"Y":84,"Z":457,"label":1,"score":1.0,"xcenter":140,"xmax":0.66162109375,"xmin":0.2763671875,"ycenter":84,"ymax":0.49462890625,"ymin":0.07080078125},"faces":[{"X":-13,"Y":84,"Z":457,"label":1,"score":1.0,"xcenter":140,"xmax":0.66162109375,"xmin":0.2763671875,"ycenter":84,"ymax":0.49462890625,"ymin":0.07080078125}]}