{"best":{"X":-3,"Y":70,"Z":568,"label":1,"score":1.0,"xcenter":148,"xmax":0.662109375,"xmin":0.3330078125,"ycenter":106,"ymax":0.5400390625,"ymin":0.169677734375},"faces":[{"X":-3,"Y":70,"Z":568,"label":1,"score":1.0,"xcenter":148,"xmax":0.662109375,"xmin":0.3330078125,"ycenter":106,"ymax":0.5400390625,"ymin":0.169677734375}]}