{"best":{"X":22,"Y":58,"Z":599,"label":1,"score":1.0,"xcenter":164,"xmax":0.712890625,"xmin":0.384521484375,"ycenter":115,"ymax":0.5615234375,"ymin":0.2071533203125},"faces":[{"X":22,"Y":58,"Z":599,"label":1,"score":1.0,"xcenter":164,"xmax":0.712890625,"xmin":0.384521484375,"ycenter":115,"ymax":0.5615234375,"ymin":0.2071533203125}]}