{"best":{"X":-13,"Y":73,"Z":569,"label":1,"score":1.0,"xcenter":142,"xmax":0.6474609375,"xmin":0.301025390625,"ycenter":104,"ymax":0.5322265625,"ymin":0.164794921875},"faces":[{"X":-13,"Y":73,"Z":569,"label":1,"score":1.0,"xcenter":142,"xmax":0.6474609375,"xmin":0.301025390625,"ycenter":104,"ymax":0.5322265625,"ymin":0.164794921875}]}