{"best":{"X":-31,"Y":73,"Z":571,"label":1,"score":1.0,"xcenter":131,"xmax":0.6064453125,"xmin":0.2744140625,"ycenter":104,"ymax":0.5263671875,"ymin":0.171875},"faces":[{"X":-31,"Y":73,"Z":571,"label":1,"score":1.0,"xcenter":131,"xmax":0.6064453125,"xmin":0.2744140625,"ycenter":104,"ymax":0.5263671875,"ymin":0.171875}]}