{"best":{"X":-13,"Y":71,"Z":566,"label":1,"score":1.0,"xcenter":142,"xmax":0.64697265625,"xmin":0.30517578125,"ycenter":105,"ymax":0.53857421875,"ymin":0.16455078125},"faces":[{"X":-13,"Y":71,"Z":566,"label":1,"score":1.0,"xcenter":142,"xmax":0.64697265625,"xmin":0.30517578125,"ycenter":105,"ymax":0.53857421875,"ymin":0.16455078125}]}