{"best":{"X":36,"Y":60,"Z":563,"label":1,"score":1.0,"xcenter":174,"xmax":0.7529296875,"xmin":0.4130859375,"ycenter":112,"ymax":0.5634765625,"ymin":0.186279296875},"faces":[{"X":36,"Y":60,"Z":563,"label":1,"score":1.0,"xcenter":174,"xmax":0.7529296875,"xmin":0.4130859375,"ycenter":112,"ymax":0.5634765625,"ymin":0.186279296875}]}