{"best":{"X":-74,"Y":63,"Z":607,"label":1,"score":1.0,"xcenter":107,"xmax":0.525390625,"xmin":0.19189453125,"ycenter":113,"ymax":0.54833984375,"ymin":0.20947265625},"faces":[{"X":-74,"Y":63,"Z":607,"label":1,"score":1.0,"xcenter":107,"xmax":0.525390625,"xmin":0.19189453125,"ycenter":113,"ymax":0.54833984375,"ymin":0.20947265625}]}