{"best":{"X":-7,"Y":71,"Z":580,"label":1,"score":1.0,"xcenter":146,"xmax":0.65234375,"xmin":0.325439453125,"ycenter":106,"ymax":0.541015625,"ymin":0.1707763671875},"faces":[{"X":-7,"Y":71,"Z":580,"label":1,"score":1.0,"xcenter":146,"xmax":0.65234375,"xmin":0.325439453125,"ycenter":106,"ymax":0.541015625,"ymin":0.1707763671875}]}