{"best":{"X":-2,"Y":70,"Z":568,"label":1,"score":1.0,"xcenter":149,"xmax":0.66357421875,"xmin":0.33154296875,"ycenter":106,"ymax":0.54296875,"ymin":0.169921875},"faces":[{"X":-2,"Y":70,"Z":568,"label":1,"score":1.0,"xcenter":149,"xmax":0.66357421875,"xmin":0.33154296875,"ycenter":106,"ymax":0.54296875,"ymin":0.169921875}]}