{"best":{"X":42,"Y":62,"Z":574,"label":1,"score":1.0,"xcenter":177,"xmax":0.76123046875,"xmin":0.42333984375,"ycenter":111,"ymax":0.556640625,"ymin":0.189208984375},"faces":[{"X":42,"Y":62,"Z":574,"label":1,"score":1.0,"xcenter":177,"xmax":0.76123046875,"xmin":0.42333984375,"ycenter":111,"ymax":0.556640625,"ymin":0.189208984375}]}