{"best":{"X":47,"Y":71,"Z":546,"label":1,"score":1.0,"xcenter":182,"xmax":0.78564453125,"xmin":0.43115234375,"ycenter":103,"ymax":0.53125,"ymin":0.1575927734375},"faces":[{"X":47,"Y":71,"Z":546,"label":1,"score":1.0,"xcenter":182,"xmax":0.78564453125,"xmin":0.43115234375,"ycenter":103,"ymax":0.53125,"ymin":0.1575927734375}]}