{"best":{"X":-26,"Y":73,"Z":565,"label":1,"score":1.0,"xcenter":134,"xmax":0.61962890625,"xmin":0.283203125,"ycenter":104,"ymax":0.5263671875,"ymin":0.170166015625},"faces":[{"X":-26,"Y":73,"Z":565,"label":1,"score":1.0,"xcenter":134,"xmax":0.61962890625,"xmin":0.283203125,"ycenter":104,"ymax":0.5263671875,"ymin":0.170166015625}]}