{"best":{"X":-8,"Y":70,"Z":571,"label":1,"score":1.0,"xcenter":145,"xmax":0.6533203125,"xmin":0.3193359375,"ycenter":106,"ymax":0.54296875,"ymin":0.1712646484375},"faces":[{"X":-8,"Y":70,"Z":571,"label":1,"score":1.0,"xcenter":145,"xmax":0.6533203125,"xmin":0.3193359375,"ycenter":106,"ymax":0.54296875,"ymin":0.1712646484375}]}