{"best":{"X":-31,"Y":75,"Z":574,"label":1,"score":1.0,"xcenter":131,"xmax":0.6083984375,"xmin":0.27099609375,"ycenter":103,"ymax":0.5185546875,"ymin":0.1712646484375},"faces":[{"X":-31,"Y":75,"Z":574,"label":1,"score":1.0,"xcenter":131,"xmax":0.6083984375,"xmin":0.27099609375,"ycenter":103,"ymax":0.5185546875,"ymin":0.1712646484375}]}