{"best":{"X":12,"Y":62,"Z":580,"label":1,"score":1.0,"xcenter":158,"xmax":0.6953125,"xmin":0.362060546875,"ycenter":112,"ymax":0.56787109375,"ymin":0.1815185546875},"faces":[{"X":12,"Y":62,"Z":580,"label":1,"score":1.0,"xcenter":158,"xmax":0.6953125,"xmin":0.362060546875,"ycenter":112,"ymax":0.56787109375,"ymin":0.1815185546875}]}