{"best":{"X":-32,"Y":77,"Z":572,"label":1,"score":1.0,"xcenter":130,"xmax":0.60400390625,"xmin":0.26708984375,"ycenter":102,"ymax":0.51416015625,"ymin":0.1728515625},"faces":[{"X":-32,"Y":77,"Z":572,"label":1,"score":1.0,"xcenter":130,"xmax":0.60400390625,"xmin":0.26708984375,"ycenter":102,"ymax":0.51416015625,"ymin":0.1728515625}]}