{"best":{"X":5,"Y":68,"Z":567,"label":1,"score":1.0,"xcenter":154,"xmax":0.6865234375,"xmin":0.348876953125,"ycenter":107,"ymax":0.55615234375,"ymin":0.1649169921875},"faces":[{"X":5,"Y":68,"Z":567,"label":1,"score":1.0,"xcenter":154,"xmax":0.6865234375,"xmin":0.348876953125,"ycenter":107,"ymax":0.55615234375,"ymin":0.1649169921875}]}