{"best":{"X":0,"Y":55,"Z":665,"label":1,"score":1.0,"xcenter":151,"xmax":0.654296875,"xmin":0.359375,"ycenter":120,"ymax":0.55712890625,"ymin":0.2469482421875},"faces":[{"X":0,"Y":55,"Z":665,"label":1,"score":1.0,"xcenter":151,"xmax":0.654296875,"xmin":0.359375,"ycenter":120,"ymax":0.55712890625,"ymin":0.2469482421875}]}