{"best":{"X":-6,"Y":81,"Z":496,"label":1,"score":1.0,"xcenter":146,"xmax":0.671875,"xmin":0.3095703125,"ycenter":92,"ymax":0.5126953125,"ymin":0.1065673828125},"faces":[{"X":-6,"Y":81,"Z":496,"label":1,"score":1.0,"xcenter":146,"xmax":0.671875,"xmin":0.3095703125,"ycenter":92,"ymax":0.5126953125,"ymin":0.1065673828125}]}