{"best":{"X":34,"Y":54,"Z":579,"label":1,"score":1.0,"xcenter":172,"xmax":0.744140625,"xmin":0.4072265625,"ycenter":117,"ymax":0.578125,"ymin":0.208984375},"faces":[{"X":34,"Y":54,"Z":579,"label":1,"score":1.0,"xcenter":172,"xmax":0.744140625,"xmin":0.4072265625,"ycenter":117,"ymax":0.578125,"ymin":0.208984375}]}