{"best":{"X":-34,"Y":75,"Z":573,"label":1,"score":1.0,"xcenter":129,"xmax":0.60009765625,"xmin":0.263671875,"ycenter":103,"ymax":0.51953125,"ymin":0.171875},"faces":[{"X":-34,"Y":75,"Z":573,"label":1,"score":1.0,"xcenter":129,"xmax":0.60009765625,"xmin":0.263671875,"ycenter":103,"ymax":0.51953125,"ymin":0.171875}]}