{"best":{"X":49,"Y":62,"Z":582,"label":1,"score":1.0,"xcenter":181,"xmax":0.7744140625,"xmin":0.4365234375,"ycenter":112,"ymax":0.560546875,"ymin":0.1920166015625},"faces":[{"X":49,"Y":62,"Z":582,"label":1,"score":1.0,"xcenter":181,"xmax":0.7744140625,"xmin":0.4365234375,"ycenter":112,"ymax":0.560546875,"ymin":0.1920166015625}]}