{"best":{"X":-87,"Y":59,"Z":360,"label":1,"score":0.9677734375,"xcenter":64,"xmax":0.43896484375,"xmin":-0.0123291015625,"ycenter":91,"ymax":0.6103515625,"ymin":-0.004150390625},"faces":[{"X":-87,"Y":59,"Z":360,"label":1,"score":0.9677734375,"xcenter":64,"xmax":0.43896484375,"xmin":-0.0123291015625,"ycenter":91,"ymax":0.6103515625,"ymin":-0.004150390625}]}