{"best":{"X":-12,"Y":61,"Z":575,"label":1,"score":1.0,"xcenter":143,"xmax":0.64794921875,"xmin":0.30859375,"ycenter":112,"ymax":0.5634765625,"ymin":0.183837890625},"faces":[{"X":-12,"Y":61,"Z":575,"label":1,"score":1.0,"xcenter":143,"xmax":0.64794921875,"xmin":0.30859375,"ycenter":112,"ymax":0.5634765625,"ymin":0.183837890625}]}