{"best":{"X":-4,"Y":55,"Z":583,"label":1,"score":1.0,"xcenter":148,"xmax":0.66015625,"xmin":0.329345703125,"ycenter":116,"ymax":0.57421875,"ymin":0.2010498046875},"faces":[{"X":-4,"Y":55,"Z":583,"label":1,"score":1.0,"xcenter":148,"xmax":0.66015625,"xmin":0.329345703125,"ycenter":116,"ymax":0.57421875,"ymin":0.2010498046875}]}