{"best":{"X":-8,"Y":72,"Z":563,"label":1,"score":1.0,"xcenter":145,"xmax":0.65185546875,"xmin":0.32080078125,"ycenter":104,"ymax":0.53515625,"ymin":0.166259765625},"faces":[{"X":-8,"Y":72,"Z":563,"label":1,"score":1.0,"xcenter":145,"xmax":0.65185546875,"xmin":0.32080078125,"ycenter":104,"ymax":0.53515625,"ymin":0.166259765625}]}