{"best":{"X":-64,"Y":78,"Z":570,"label":1,"score":1.0,"xcenter":110,"xmax":0.54052734375,"xmin":0.19677734375,"ycenter":101,"ymax":0.51025390625,"ymin":0.1695556640625},"faces":[{"X":-64,"Y":78,"Z":570,"label":1,"score":1.0,"xcenter":110,"xmax":0.54052734375,"xmin":0.19677734375,"ycenter":101,"ymax":0.51025390625,"ymin":0.1695556640625}]}