{"best":{"X":-26,"Y":69,"Z":564,"label":1,"score":1.0,"xcenter":134,"xmax":0.6240234375,"xmin":0.276123046875,"ycenter":106,"ymax":0.53125,"ymin":0.1771240234375},"faces":[{"X":-26,"Y":69,"Z":564,"label":1,"score":1.0,"xcenter":134,"xmax":0.6240234375,"xmin":0.276123046875,"ycenter":106,"ymax":0.53125,"ymin":0.1771240234375}]}