{"best":{"X":-51,"Y":64,"Z":602,"label":1,"score":1.0,"xcenter":120,"xmax":0.5712890625,"xmin":0.2303466796875,"ycenter":112,"ymax":0.5458984375,"ymin":0.2098388671875},"faces":[{"X":-51,"Y":64,"Z":602,"label":1,"score":1.0,"xcenter":120,"xmax":0.5712890625,"xmin":0.2303466796875,"ycenter":112,"ymax":0.5458984375,"ymin":0.2098388671875}]}