{"best":{"X":-113,"Y":71,"Z":581,"label":1,"score":1.0,"xcenter":81,"xmax":0.4404296875,"xmin":0.1029052734375,"ycenter":106,"ymax":0.521484375,"ymin":0.1920166015625},"faces":[{"X":-113,"Y":71,"Z":581,"label":1,"score":1.0,"xcenter":81,"xmax":0.4404296875,"xmin":0.1029052734375,"ycenter":106,"ymax":0.521484375,"ymin":0.1920166015625}]}