{"best":{"X":-28,"Y":75,"Z":573,"label":1,"score":1.0,"xcenter":133,"xmax":0.61083984375,"xmin":0.28076171875,"ycenter":103,"ymax":0.5224609375,"ymin":0.1715087890625},"faces":[{"X":-28,"Y":75,"Z":573,"label":1,"score":1.0,"xcenter":133,"xmax":0.61083984375,"xmin":0.28076171875,"ycenter":103,"ymax":0.5224609375,"ymin":0.1715087890625}]}