{"best":{"X":-10,"Y":59,"Z":570,"label":1,"score":1.0,"xcenter":144,"xmax":0.65380859375,"xmin":0.30712890625,"ycenter":113,"ymax":0.56396484375,"ymin":0.1920166015625},"faces":[{"X":-10,"Y":59,"Z":570,"label":1,"score":1.0,"xcenter":144,"xmax":0.65380859375,"xmin":0.30712890625,"ycenter":113,"ymax":0.56396484375,"ymin":0.1920166015625}]}