{"best":{"X":-23,"Y":71,"Z":565,"label":1,"score":1.0,"xcenter":136,"xmax":0.6298828125,"xmin":0.2861328125,"ycenter":105,"ymax":0.53466796875,"ymin":0.1683349609375},"faces":[{"X":-23,"Y":71,"Z":565,"label":1,"score":1.0,"xcenter":136,"xmax":0.6298828125,"xmin":0.2861328125,"ycenter":105,"ymax":0.53466796875,"ymin":0.1683349609375}]}