{"best":{"X":-28,"Y":69,"Z":356,"label":1,"score":1.0,"xcenter":122,"xmax":0.65869140625,"xmin":0.1630859375,"ycenter":80,"ymax":0.53076171875,"ymin":0.00927734375},"faces":[{"X":-28,"Y":69,"Z":356,"label":1,"score":1.0,"xcenter":122,"xmax":0.65869140625,"xmin":0.1630859375,"ycenter":80,"ymax":0.53076171875,"ymin":0.00927734375}]}