{"best":{"X":7,"Y":67,"Z":569,"label":1,"score":1.0,"xcenter":155,"xmax":0.68505859375,"xmin":0.35107421875,"ycenter":108,"ymax":0.55615234375,"ymin":0.1695556640625},"faces":[{"X":7,"Y":67,"Z":569,"label":1,"score":1.0,"xcenter":155,"xmax":0.68505859375,"xmin":0.35107421875,"ycenter":108,"ymax":0.55615234375,"ymin":0.1695556640625}]}