{"best":{"X":-13,"Y":65,"Z":569,"label":1,"score":1.0,"xcenter":142,"xmax":0.64794921875,"xmin":0.3046875,"ycenter":109,"ymax":0.5595703125,"ymin":0.17431640625},"faces":[{"X":-13,"Y":65,"Z":569,"label":1,"score":1.0,"xcenter":142,"xmax":0.64794921875,"xmin":0.3046875,"ycenter":109,"ymax":0.5595703125,"ymin":0.17431640625}]}