{"best":{"X":5,"Y":68,"Z":568,"label":1,"score":1.0,"xcenter":154,"xmax":0.6865234375,"xmin":0.349609375,"ycenter":107,"ymax":0.55126953125,"ymin":0.1666259765625},"faces":[{"X":5,"Y":68,"Z":568,"label":1,"score":1.0,"xcenter":154,"xmax":0.6865234375,"xmin":0.349609375,"ycenter":107,"ymax":0.55126953125,"ymin":0.1666259765625}]}