{"best":{"X":92,"Y":65,"Z":402,"label":1,"score":1.0,"xcenter":233,"xmax":1.0009765625,"xmin":0.5556640625,"ycenter":92,"ymax":0.5849609375,"ymin":0.03466796875},"faces":[{"X":92,"Y":65,"Z":402,"label":1,"score":1.0,"xcenter":233,"xmax":1.0009765625,"xmin":0.5556640625,"ycenter":92,"ymax":0.5849609375,"ymin":0.03466796875}]}