{"best":{"X":-8,"Y":71,"Z":564,"label":1,"score":1.0,"xcenter":145,"xmax":0.65234375,"xmin":0.319580078125,"ycenter":105,"ymax":0.537109375,"ymin":0.16650390625},"faces":[{"X":-8,"Y":71,"Z":564,"label":1,"score":1.0,"xcenter":145,"xmax":0.65234375,"xmin":0.319580078125,"ycenter":105,"ymax":0.537109375,"ymin":0.16650390625}]}