{"best":{"X":-31,"Y":58,"Z":600,"label":1,"score":1.0,"xcenter":132,"xmax":0.6083984375,"xmin":0.2783203125,"ycenter":115,"ymax":0.55615234375,"ymin":0.2158203125},"faces":[{"X":-31,"Y":58,"Z":600,"label":1,"score":1.0,"xcenter":132,"xmax":0.6083984375,"xmin":0.2783203125,"ycenter":115,"ymax":0.55615234375,"ymin":0.2158203125}]}