{"best":{"X":-51,"Y":86,"Z":451,"label":1,"score":1.0,"xcenter":110,"xmax":0.58349609375,"xmin":0.1561279296875,"ycenter":82,"ymax":0.5224609375,"ymin":0.02978515625},"faces":[{"X":-51,"Y":86,"Z":451,"label":1,"score":1.0,"xcenter":110,"xmax":0.58349609375,"xmin":0.1561279296875,"ycenter":82,"ymax":0.5224609375,"ymin":0.02978515625}]}