{"best":{"X":-5,"Y":70,"Z":566,"label":1,"score":1.0,"xcenter":147,"xmax":0.6591796875,"xmin":0.328369140625,"ycenter":106,"ymax":0.54052734375,"ymin":0.1669921875},"faces":[{"X":-5,"Y":70,"Z":566,"label":1,"score":1.0,"xcenter":147,"xmax":0.6591796875,"xmin":0.328369140625,"ycenter":106,"ymax":0.54052734375,"ymin":0.1669921875}]}