{"best":{"X":-107,"Y":62,"Z":602,"label":1,"score":1.0,"xcenter":87,"xmax":0.45947265625,"xmin":0.1243896484375,"ycenter":113,"ymax":0.5498046875,"ymin":0.209716796875},"faces":[{"X":-107,"Y":62,"Z":602,"label":1,"score":1.0,"xcenter":87,"xmax":0.45947265625,"xmin":0.1243896484375,"ycenter":113,"ymax":0.5498046875,"ymin":0.209716796875}]}