{"best":{"X":37,"Y":71,"Z":577,"label":1,"score":1.0,"xcenter":174,"xmax":0.75,"xmin":0.410400390625,"ycenter":106,"ymax":0.53955078125,"ymin":0.1717529296875},"faces":[{"X":37,"Y":71,"Z":577,"label":1,"score":1.0,"xcenter":174,"xmax":0.75,"xmin":0.410400390625,"ycenter":106,"ymax":0.53955078125,"ymin":0.1717529296875}]}