{"best":{"X":18,"Y":63,"Z":576,"label":1,"score":1.0,"xcenter":162,"xmax":0.7080078125,"xmin":0.3798828125,"ycenter":111,"ymax":0.5546875,"ymin":0.18701171875},"faces":[{"X":18,"Y":63,"Z":576,"label":1,"score":1.0,"xcenter":162,"xmax":0.7080078125,"xmin":0.3798828125,"ycenter":111,"ymax":0.5546875,"ymin":0.18701171875}]}