{"best":{"X":35,"Y":69,"Z":505,"label":1,"score":1.0,"xcenter":176,"xmax":0.7724609375,"xmin":0.406982421875,"ycenter":101,"ymax":0.51806640625,"ymin":0.16259765625},"faces":[{"X":35,"Y":69,"Z":505,"label":1,"score":1.0,"xcenter":176,"xmax":0.7724609375,"xmin":0.406982421875,"ycenter":101,"ymax":0.51806640625,"ymin":0.16259765625}]}