{"best":{"X":-27,"Y":72,"Z":500,"label":1,"score":1.0,"xcenter":131,"xmax":0.62646484375,"xmin":0.25390625,"ycenter":98,"ymax":0.52880859375,"ymin":0.1312255859375},"faces":[{"X":-27,"Y":72,"Z":500,"label":1,"score":1.0,"xcenter":131,"xmax":0.62646484375,"xmin":0.25390625,"ycenter":98,"ymax":0.52880859375,"ymin":0.1312255859375}]}