{"best":{"X":-37,"Y":71,"Z":530,"label":1,"score":1.0,"xcenter":125,"xmax":0.6083984375,"xmin":0.2318115234375,"ycenter":102,"ymax":0.54296875,"ymin":0.140625},"faces":[{"X":-37,"Y":71,"Z":530,"label":1,"score":1.0,"xcenter":125,"xmax":0.6083984375,"xmin":0.2318115234375,"ycenter":102,"ymax":0.54296875,"ymin":0.140625}]}