{"best":{"X":-86,"Y":65,"Z":352,"label":1,"score":0.9853515625,"xcenter":63,"xmax":0.4248046875,"xmin":-0.0023193359375,"ycenter":84,"ymax":0.556640625,"ymin":0.009521484375},"faces":[{"X":-86,"Y":65,"Z":352,"label":1,"score":0.9853515625,"xcenter":63,"xmax":0.4248046875,"xmin":-0.0023193359375,"ycenter":84,"ymax":0.556640625,"ymin":0.009521484375}]}