{"best":{"X":-9,"Y":72,"Z":504,"label":1,"score":1.0,"xcenter":144,"xmax":0.6640625,"xmin":0.299072265625,"ycenter":99,"ymax":0.53125,"ymin":0.1307373046875},"faces":[{"X":-9,"Y":72,"Z":504,"label":1,"score":1.0,"xcenter":144,"xmax":0.6640625,"xmin":0.299072265625,"ycenter":99,"ymax":0.53125,"ymin":0.1307373046875}]}