{"best":{"X":-73,"Y":67,"Z":586,"label":1,"score":1.0,"xcenter":106,"xmax":0.5341796875,"xmin":0.175537109375,"ycenter":109,"ymax":0.5380859375,"ymin":0.190185546875},"faces":[{"X":-73,"Y":67,"Z":586,"label":1,"score":1.0,"xcenter":106,"xmax":0.5341796875,"xmin":0.175537109375,"ycenter":109,"ymax":0.5380859375,"ymin":0.190185546875}]}