{"best":{"X":-23,"Y":76,"Z":566,"label":1,"score":1.0,"xcenter":136,"xmax":0.62939453125,"xmin":0.2841796875,"ycenter":102,"ymax":0.5185546875,"ymin":0.169189453125},"faces":[{"X":-23,"Y":76,"Z":566,"label":1,"score":1.0,"xcenter":136,"xmax":0.62939453125,"xmin":0.2841796875,"ycenter":102,"ymax":0.5185546875,"ymin":0.169189453125}]}