{"best":{"X":-43,"Y":76,"Z":506,"label":1,"score":1.0,"xcenter":120,"xmax":0.58984375,"xmin":0.2158203125,"ycenter":96,"ymax":0.5244140625,"ymin":0.119873046875},"faces":[{"X":-43,"Y":76,"Z":506,"label":1,"score":1.0,"xcenter":120,"xmax":0.58984375,"xmin":0.2158203125,"ycenter":96,"ymax":0.5244140625,"ymin":0.119873046875}]}