{"best":{"X":-16,"Y":69,"Z":563,"label":1,"score":1.0,"xcenter":140,"xmax":0.64111328125,"xmin":0.29638671875,"ycenter":106,"ymax":0.54052734375,"ymin":0.1671142578125},"faces":[{"X":-16,"Y":69,"Z":563,"label":1,"score":1.0,"xcenter":140,"xmax":0.64111328125,"xmin":0.29638671875,"ycenter":106,"ymax":0.54052734375,"ymin":0.1671142578125}]}