{"best":{"X":41,"Y":59,"Z":570,"label":1,"score":1.0,"xcenter":177,"xmax":0.7607421875,"xmin":0.4208984375,"ycenter":113,"ymax":0.56494140625,"ymin":0.1929931640625},"faces":[{"X":41,"Y":59,"Z":570,"label":1,"score":1.0,"xcenter":177,"xmax":0.7607421875,"xmin":0.4208984375,"ycenter":113,"ymax":0.56494140625,"ymin":0.1929931640625}]}