{"best":{"X":5,"Y":52,"Z":586,"label":1,"score":1.0,"xcenter":154,"xmax":0.685546875,"xmin":0.349609375,"ycenter":118,"ymax":0.587890625,"ymin":0.205078125},"faces":[{"X":5,"Y":52,"Z":586,"label":1,"score":1.0,"xcenter":154,"xmax":0.685546875,"xmin":0.349609375,"ycenter":118,"ymax":0.587890625,"ymin":0.205078125}]}