{"best":{"X":68,"Y":65,"Z":539,"label":1,"score":1.0,"xcenter":196,"xmax":0.8330078125,"xmin":0.476806640625,"ycenter":107,"ymax":0.546875,"ymin":0.1719970703125},"faces":[{"X":68,"Y":65,"Z":539,"label":1,"score":1.0,"xcenter":196,"xmax":0.8330078125,"xmin":0.476806640625,"ycenter":107,"ymax":0.546875,"ymin":0.1719970703125}]}