{"best":{"X":-135,"Y":64,"Z":579,"label":1,"score":1.0,"xcenter":67,"xmax":0.40234375,"xmin":0.05322265625,"ycenter":110,"ymax":0.54541015625,"ymin":0.1951904296875},"faces":[{"X":-135,"Y":64,"Z":579,"label":1,"score":1.0,"xcenter":67,"xmax":0.40234375,"xmin":0.05322265625,"ycenter":110,"ymax":0.54541015625,"ymin":0.1951904296875}]}