{"best":{"X":-10,"Y":59,"Z":577,"label":1,"score":1.0,"xcenter":144,"xmax":0.654296875,"xmin":0.308349609375,"ycenter":113,"ymax":0.56591796875,"ymin":0.1903076171875},"faces":[{"X":-10,"Y":59,"Z":577,"label":1,"score":1.0,"xcenter":144,"xmax":0.654296875,"xmin":0.308349609375,"ycenter":113,"ymax":0.56591796875,"ymin":0.1903076171875}]}