{"best":{"X":47,"Y":61,"Z":576,"label":1,"score":1.0,"xcenter":180,"xmax":0.76953125,"xmin":0.435302734375,"ycenter":112,"ymax":0.5517578125,"ymin":0.197021484375},"faces":[{"X":47,"Y":61,"Z":576,"label":1,"score":1.0,"xcenter":180,"xmax":0.76953125,"xmin":0.435302734375,"ycenter":112,"ymax":0.5517578125,"ymin":0.197021484375}]}