{"best":{"X":41,"Y":68,"Z":497,"label":1,"score":1.0,"xcenter":180,"xmax":0.7890625,"xmin":0.4169921875,"ycenter":101,"ymax":0.52099609375,"ymin":0.1563720703125},"faces":[{"X":41,"Y":68,"Z":497,"label":1,"score":1.0,"xcenter":180,"xmax":0.7890625,"xmin":0.4169921875,"ycenter":101,"ymax":0.52099609375,"ymin":0.1563720703125}]}