{"best":{"X":4,"Y":54,"Z":584,"label":1,"score":1.0,"xcenter":153,"xmax":0.6806640625,"xmin":0.34375,"ycenter":117,"ymax":0.578125,"ymin":0.20703125},"faces":[{"X":4,"Y":54,"Z":584,"label":1,"score":1.0,"xcenter":153,"xmax":0.6806640625,"xmin":0.34375,"ycenter":117,"ymax":0.578125,"ymin":0.20703125}]}