{"best":{"X":15,"Y":63,"Z":569,"label":1,"score":1.0,"xcenter":160,"xmax":0.703125,"xmin":0.368896484375,"ycenter":110,"ymax":0.552734375,"ymin":0.18603515625},"faces":[{"X":15,"Y":63,"Z":569,"label":1,"score":1.0,"xcenter":160,"xmax":0.703125,"xmin":0.368896484375,"ycenter":110,"ymax":0.552734375,"ymin":0.18603515625}]}