{"best":{"X":-75,"Y":76,"Z":581,"label":1,"score":0.9990234375,"xcenter":104,"xmax":0.521484375,"xmin":0.1785888671875,"ycenter":103,"ymax":0.505859375,"ymin":0.189208984375},"faces":[{"X":-75,"Y":76,"Z":581,"label":1,"score":0.9990234375,"xcenter":104,"xmax":0.521484375,"xmin":0.1785888671875,"ycenter":103,"ymax":0.505859375,"ymin":0.189208984375}]}