{"best":{"X":-10,"Y":69,"Z":564,"label":1,"score":1.0,"xcenter":144,"xmax":0.65576171875,"xmin":0.3125,"ycenter":106,"ymax":0.54296875,"ymin":0.168212890625},"faces":[{"X":-10,"Y":69,"Z":564,"label":1,"score":1.0,"xcenter":144,"xmax":0.65576171875,"xmin":0.3125,"ycenter":106,"ymax":0.54296875,"ymin":0.168212890625}]}