{"best":{"X":7,"Y":67,"Z":577,"label":1,"score":1.0,"xcenter":155,"xmax":0.68603515625,"xmin":0.35302734375,"ycenter":108,"ymax":0.5556640625,"ymin":0.1719970703125},"faces":[{"X":7,"Y":67,"Z":577,"label":1,"score":1.0,"xcenter":155,"xmax":0.68603515625,"xmin":0.35302734375,"ycenter":108,"ymax":0.5556640625,"ymin":0.1719970703125}]}