{"best":{"X":57,"Y":66,"Z":580,"label":1,"score":1.0,"xcenter":186,"xmax":0.7890625,"xmin":0.455322265625,"ycenter":109,"ymax":0.55126953125,"ymin":0.181640625},"faces":[{"X":57,"Y":66,"Z":580,"label":1,"score":1.0,"xcenter":186,"xmax":0.7890625,"xmin":0.455322265625,"ycenter":109,"ymax":0.55126953125,"ymin":0.181640625}]}