{"best":{"X":1,"Y":70,"Z":571,"label":1,"score":1.0,"xcenter":152,"xmax":0.6767578125,"xmin":0.343017578125,"ycenter":106,"ymax":0.54541015625,"ymin":0.1689453125},"faces":[{"X":1,"Y":70,"Z":571,"label":1,"score":1.0,"xcenter":152,"xmax":0.6767578125,"xmin":0.343017578125,"ycenter":106,"ymax":0.54541015625,"ymin":0.1689453125}]}