{"best":{"X":43,"Y":67,"Z":587,"label":1,"score":1.0,"xcenter":177,"xmax":0.7587890625,"xmin":0.427978515625,"ycenter":109,"ymax":0.53955078125,"ymin":0.193359375},"faces":[{"X":43,"Y":67,"Z":587,"label":1,"score":1.0,"xcenter":177,"xmax":0.7587890625,"xmin":0.427978515625,"ycenter":109,"ymax":0.53955078125,"ymin":0.193359375}]}