{"best":{"X":-122,"Y":70,"Z":580,"label":1,"score":1.0,"xcenter":75,"xmax":0.423828125,"xmin":0.0770263671875,"ycenter":107,"ymax":0.53271484375,"ymin":0.1881103515625},"faces":[{"X":-122,"Y":70,"Z":580,"label":1,"score":1.0,"xcenter":75,"xmax":0.423828125,"xmin":0.0770263671875,"ycenter":107,"ymax":0.53271484375,"ymin":0.1881103515625}]}