{"best":{"X":-17,"Y":77,"Z":531,"label":1,"score":1.0,"xcenter":139,"xmax":0.6396484375,"xmin":0.2900390625,"ycenter":98,"ymax":0.5166015625,"ymin":0.1451416015625},"faces":[{"X":-17,"Y":77,"Z":531,"label":1,"score":1.0,"xcenter":139,"xmax":0.6396484375,"xmin":0.2900390625,"ycenter":98,"ymax":0.5166015625,"ymin":0.1451416015625}]}