{"best":{"X":-8,"Y":69,"Z":560,"label":1,"score":1.0,"xcenter":145,"xmax":0.65380859375,"xmin":0.31396484375,"ycenter":106,"ymax":0.5458984375,"ymin":0.1671142578125},"faces":[{"X":-8,"Y":69,"Z":560,"label":1,"score":1.0,"xcenter":145,"xmax":0.65380859375,"xmin":0.31396484375,"ycenter":106,"ymax":0.5458984375,"ymin":0.1671142578125}]}