{"best":{"X":-7,"Y":72,"Z":578,"label":1,"score":1.0,"xcenter":146,"xmax":0.65234375,"xmin":0.325927734375,"ycenter":105,"ymax":0.53271484375,"ymin":0.1732177734375},"faces":[{"X":-7,"Y":72,"Z":578,"label":1,"score":1.0,"xcenter":146,"xmax":0.65234375,"xmin":0.325927734375,"ycenter":105,"ymax":0.53271484375,"ymin":0.1732177734375}]}