{"best":{"X":52,"Y":74,"Z":531,"label":1,"score":1.0,"xcenter":186,"xmax":0.80859375,"xmin":0.439453125,"ycenter":100,"ymax":0.5244140625,"ymin":0.1470947265625},"faces":[{"X":52,"Y":74,"Z":531,"label":1,"score":1.0,"xcenter":186,"xmax":0.80859375,"xmin":0.439453125,"ycenter":100,"ymax":0.5244140625,"ymin":0.1470947265625}]}