{"best":{"X":-7,"Y":71,"Z":578,"label":1,"score":1.0,"xcenter":146,"xmax":0.654296875,"xmin":0.32568359375,"ycenter":106,"ymax":0.537109375,"ymin":0.171875},"faces":[{"X":-7,"Y":71,"Z":578,"label":1,"score":1.0,"xcenter":146,"xmax":0.654296875,"xmin":0.32568359375,"ycenter":106,"ymax":0.537109375,"ymin":0.171875}]}