{"best":{"X":-7,"Y":72,"Z":576,"label":1,"score":1.0,"xcenter":146,"xmax":0.6513671875,"xmin":0.325927734375,"ycenter":105,"ymax":0.52734375,"ymin":0.173828125},"faces":[{"X":-7,"Y":72,"Z":576,"label":1,"score":1.0,"xcenter":146,"xmax":0.6513671875,"xmin":0.325927734375,"ycenter":105,"ymax":0.52734375,"ymin":0.173828125}]}