{"best":{"X":-7,"Y":71,"Z":567,"label":1,"score":1.0,"xcenter":146,"xmax":0.6552734375,"xmin":0.32373046875,"ycenter":105,"ymax":0.5322265625,"ymin":0.1702880859375},"faces":[{"X":-7,"Y":71,"Z":567,"label":1,"score":1.0,"xcenter":146,"xmax":0.6552734375,"xmin":0.32373046875,"ycenter":105,"ymax":0.5322265625,"ymin":0.1702880859375}]}