{"best":{"X":7,"Y":65,"Z":558,"label":1,"score":1.0,"xcenter":155,"xmax":0.68896484375,"xmin":0.35302734375,"ycenter":108,"ymax":0.56201171875,"ymin":0.1602783203125},"faces":[{"X":7,"Y":65,"Z":558,"label":1,"score":1.0,"xcenter":155,"xmax":0.68896484375,"xmin":0.35302734375,"ycenter":108,"ymax":0.56201171875,"ymin":0.1602783203125}]}