{"best":{"X":-52,"Y":82,"Z":497,"label":1,"score":1.0,"xcenter":113,"xmax":0.5732421875,"xmin":0.18798828125,"ycenter":91,"ymax":0.5224609375,"ymin":0.0919189453125},"faces":[{"X":-52,"Y":82,"Z":497,"label":1,"score":1.0,"xcenter":113,"xmax":0.5732421875,"xmin":0.18798828125,"ycenter":91,"ymax":0.5224609375,"ymin":0.0919189453125}]}