{"best":{"X":11,"Y":70,"Z":567,"label":1,"score":1.0,"xcenter":158,"xmax":0.70361328125,"xmin":0.35498046875,"ycenter":106,"ymax":0.5458984375,"ymin":0.1685791015625},"faces":[{"X":11,"Y":70,"Z":567,"label":1,"score":1.0,"xcenter":158,"xmax":0.70361328125,"xmin":0.35498046875,"ycenter":106,"ymax":0.5458984375,"ymin":0.1685791015625}]}