{"best":{"X":-39,"Y":69,"Z":558,"label":1,"score":1.0,"xcenter":125,"xmax":0.59912109375,"xmin":0.240234375,"ycenter":106,"ymax":0.5400390625,"ymin":0.169189453125},"faces":[{"X":-39,"Y":69,"Z":558,"label":1,"score":1.0,"xcenter":125,"xmax":0.59912109375,"xmin":0.240234375,"ycenter":106,"ymax":0.5400390625,"ymin":0.169189453125}]}