{"best":{"X":24,"Y":63,"Z":594,"label":1,"score":1.0,"xcenter":165,"xmax":0.71435546875,"xmin":0.38916015625,"ycenter":112,"ymax":0.55126953125,"ymin":0.2015380859375},"faces":[{"X":24,"Y":63,"Z":594,"label":1,"score":1.0,"xcenter":165,"xmax":0.71435546875,"xmin":0.38916015625,"ycenter":112,"ymax":0.55126953125,"ymin":0.2015380859375}]}