{"best":{"X":22,"Y":75,"Z":552,"label":1,"score":1.0,"xcenter":165,"xmax":0.72900390625,"xmin":0.37939453125,"ycenter":101,"ymax":0.52294921875,"ymin":0.15966796875},"faces":[{"X":22,"Y":75,"Z":552,"label":1,"score":1.0,"xcenter":165,"xmax":0.72900390625,"xmin":0.37939453125,"ycenter":101,"ymax":0.52294921875,"ymin":0.15966796875}]}