{"best":{"X":-4,"Y":62,"Z":640,"label":1,"score":0.998046875,"xcenter":148,"xmax":0.65625,"xmin":0.337158203125,"ycenter":115,"ymax":0.5546875,"ymin":0.2178955078125},"faces":[{"X":-4,"Y":62,"Z":640,"label":1,"score":0.998046875,"xcenter":148,"xmax":0.65625,"xmin":0.337158203125,"ycenter":115,"ymax":0.5546875,"ymin":0.2178955078125}]}