{"best":{"X":-43,"Y":79,"Z":477,"label":1,"score":1.0,"xcenter":118,"xmax":0.5849609375,"xmin":0.2039794921875,"ycenter":91,"ymax":0.51513671875,"ymin":0.0994873046875},"faces":[{"X":-43,"Y":79,"Z":477,"label":1,"score":1.0,"xcenter":118,"xmax":0.5849609375,"xmin":0.2039794921875,"ycenter":91,"ymax":0.51513671875,"ymin":0.0994873046875}]}