{"best":{"X":-106,"Y":79,"Z":525,"label":1,"score":1.0,"xcenter":78,"xmax":0.449462890625,"xmin":0.077392578125,"ycenter":96,"ymax":0.5107421875,"ymin":0.130615234375},"faces":[{"X":-106,"Y":79,"Z":525,"label":1,"score":1.0,"xcenter":78,"xmax":0.449462890625,"xmin":0.077392578125,"ycenter":96,"ymax":0.5107421875,"ymin":0.130615234375}]}