{"best":{"X":44,"Y":71,"Z":543,"label":1,"score":1.0,"xcenter":180,"xmax":0.78515625,"xmin":0.41796875,"ycenter":103,"ymax":0.53125,"ymin":0.158447265625},"faces":[{"X":44,"Y":71,"Z":543,"label":1,"score":1.0,"xcenter":180,"xmax":0.78515625,"xmin":0.41796875,"ycenter":103,"ymax":0.53125,"ymin":0.158447265625}]}