{"best":{"X":-35,"Y":78,"Z":497,"label":1,"score":1.0,"xcenter":125,"xmax":0.60693359375,"xmin":0.22705078125,"ycenter":94,"ymax":0.52392578125,"ymin":0.1055908203125},"faces":[{"X":-35,"Y":78,"Z":497,"label":1,"score":1.0,"xcenter":125,"xmax":0.60693359375,"xmin":0.22705078125,"ycenter":94,"ymax":0.52392578125,"ymin":0.1055908203125}]}