{"best":{"X":-16,"Y":70,"Z":567,"label":1,"score":1.0,"xcenter":140,"xmax":0.64208984375,"xmin":0.29736328125,"ycenter":106,"ymax":0.5478515625,"ymin":0.1630859375},"faces":[{"X":-16,"Y":70,"Z":567,"label":1,"score":1.0,"xcenter":140,"xmax":0.64208984375,"xmin":0.29736328125,"ycenter":106,"ymax":0.5478515625,"ymin":0.1630859375}]}