{"best":{"X":-13,"Y":73,"Z":566,"label":1,"score":1.0,"xcenter":142,"xmax":0.64697265625,"xmin":0.3037109375,"ycenter":104,"ymax":0.53662109375,"ymin":0.1651611328125},"faces":[{"X":-13,"Y":73,"Z":566,"label":1,"score":1.0,"xcenter":142,"xmax":0.64697265625,"xmin":0.3037109375,"ycenter":104,"ymax":0.53662109375,"ymin":0.1651611328125}]}