{"best":{"X":-11,"Y":68,"Z":568,"label":1,"score":1.0,"xcenter":143,"xmax":0.6484375,"xmin":0.30810546875,"ycenter":107,"ymax":0.5498046875,"ymin":0.168701171875},"faces":[{"X":-11,"Y":68,"Z":568,"label":1,"score":1.0,"xcenter":143,"xmax":0.6484375,"xmin":0.30810546875,"ycenter":107,"ymax":0.5498046875,"ymin":0.168701171875}]}