{"best":{"X":-114,"Y":71,"Z":571,"label":1,"score":1.0,"xcenter":79,"xmax":0.4384765625,"xmin":0.0933837890625,"ycenter":105,"ymax":0.5234375,"ymin":0.1802978515625},"faces":[{"X":-114,"Y":71,"Z":571,"label":1,"score":1.0,"xcenter":79,"xmax":0.4384765625,"xmin":0.0933837890625,"ycenter":105,"ymax":0.5234375,"ymin":0.1802978515625}]}