{"best":{"X":98,"Y":71,"Z":466,"label":1,"score":1.0,"xcenter":226,"xmax":0.978515625,"xmin":0.53125,"ycenter":95,"ymax":0.54638671875,"ymin":0.0936279296875},"faces":[{"X":98,"Y":71,"Z":466,"label":1,"score":1.0,"xcenter":226,"xmax":0.978515625,"xmin":0.53125,"ycenter":95,"ymax":0.54638671875,"ymin":0.0936279296875}]}