{"best":{"X":-26,"Y":78,"Z":510,"label":1,"score":1.0,"xcenter":132,"xmax":0.623046875,"xmin":0.265625,"ycenter":95,"ymax":0.50732421875,"ymin":0.1326904296875},"faces":[{"X":-26,"Y":78,"Z":510,"label":1,"score":1.0,"xcenter":132,"xmax":0.623046875,"xmin":0.265625,"ycenter":95,"ymax":0.50732421875,"ymin":0.1326904296875}]}