{"best":{"X":-125,"Y":62,"Z":602,"label":1,"score":1.0,"xcenter":76,"xmax":0.4248046875,"xmin":0.0865478515625,"ycenter":113,"ymax":0.55126953125,"ymin":0.20947265625},"faces":[{"X":-125,"Y":62,"Z":602,"label":1,"score":1.0,"xcenter":76,"xmax":0.4248046875,"xmin":0.0865478515625,"ycenter":113,"ymax":0.55126953125,"ymin":0.20947265625}]}