{"best":{"X":-12,"Y":69,"Z":589,"label":1,"score":1.0,"xcenter":143,"xmax":0.646484375,"xmin":0.31005859375,"ycenter":108,"ymax":0.55126953125,"ymin":0.17333984375},"faces":[{"X":-12,"Y":69,"Z":589,"label":1,"score":1.0,"xcenter":143,"xmax":0.646484375,"xmin":0.31005859375,"ycenter":108,"ymax":0.55126953125,"ymin":0.17333984375}]}