{"best":{"X":-105,"Y":70,"Z":583,"label":1,"score":1.0,"xcenter":86,"xmax":0.458740234375,"xmin":0.116943359375,"ycenter":107,"ymax":0.51708984375,"ymin":0.1978759765625},"faces":[{"X":-105,"Y":70,"Z":583,"label":1,"score":1.0,"xcenter":86,"xmax":0.458740234375,"xmin":0.116943359375,"ycenter":107,"ymax":0.51708984375,"ymin":0.1978759765625}]}