{"best":{"X":12,"Y":62,"Z":580,"label":1,"score":1.0,"xcenter":158,"xmax":0.6943359375,"xmin":0.363037109375,"ycenter":112,"ymax":0.56982421875,"ymin":0.1822509765625},"faces":[{"X":12,"Y":62,"Z":580,"label":1,"score":1.0,"xcenter":158,"xmax":0.6943359375,"xmin":0.363037109375,"ycenter":112,"ymax":0.56982421875,"ymin":0.1822509765625}]}