{"best":{"X":-13,"Y":71,"Z":567,"label":1,"score":1.0,"xcenter":142,"xmax":0.646484375,"xmin":0.306396484375,"ycenter":105,"ymax":0.5380859375,"ymin":0.1644287109375},"faces":[{"X":-13,"Y":71,"Z":567,"label":1,"score":1.0,"xcenter":142,"xmax":0.646484375,"xmin":0.306396484375,"ycenter":105,"ymax":0.5380859375,"ymin":0.1644287109375}]}