{"best":{"X":-47,"Y":78,"Z":465,"label":1,"score":1.0,"xcenter":114,"xmax":0.57373046875,"xmin":0.1888427734375,"ycenter":90,"ymax":0.5185546875,"ymin":0.0845947265625},"faces":[{"X":-47,"Y":78,"Z":465,"label":1,"score":1.0,"xcenter":114,"xmax":0.57373046875,"xmin":0.1888427734375,"ycenter":90,"ymax":0.5185546875,"ymin":0.0845947265625}]}