{"best":{"X":-7,"Y":73,"Z":564,"label":1,"score":1.0,"xcenter":146,"xmax":0.65283203125,"xmin":0.32421875,"ycenter":104,"ymax":0.5322265625,"ymin":0.1689453125},"faces":[{"X":-7,"Y":73,"Z":564,"label":1,"score":1.0,"xcenter":146,"xmax":0.65283203125,"xmin":0.32421875,"ycenter":104,"ymax":0.5322265625,"ymin":0.1689453125}]}