{"best":{"X":2,"Y":49,"Z":656,"label":1,"score":0.99951171875,"xcenter":152,"xmax":0.65576171875,"xmin":0.36083984375,"ycenter":123,"ymax":0.5673828125,"ymin":0.254638671875},"faces":[{"X":2,"Y":49,"Z":656,"label":1,"score":0.99951171875,"xcenter":152,"xmax":0.65576171875,"xmin":0.36083984375,"ycenter":123,"ymax":0.5673828125,"ymin":0.254638671875}]}