{"best":{"X":-2,"Y":70,"Z":567,"label":1,"score":1.0,"xcenter":149,"xmax":0.66455078125,"xmin":0.33349609375,"ycenter":106,"ymax":0.5400390625,"ymin":0.1705322265625},"faces":[{"X":-2,"Y":70,"Z":567,"label":1,"score":1.0,"xcenter":149,"xmax":0.66455078125,"xmin":0.33349609375,"ycenter":106,"ymax":0.5400390625,"ymin":0.1705322265625}]}