{"best":{"X":-17,"Y":78,"Z":540,"label":1,"score":1.0,"xcenter":139,"xmax":0.64697265625,"xmin":0.28564453125,"ycenter":98,"ymax":0.5205078125,"ymin":0.1368408203125},"faces":[{"X":-17,"Y":78,"Z":540,"label":1,"score":1.0,"xcenter":139,"xmax":0.64697265625,"xmin":0.28564453125,"ycenter":98,"ymax":0.5205078125,"ymin":0.1368408203125}]}