{"best":{"X":-5,"Y":69,"Z":565,"label":1,"score":1.0,"xcenter":147,"xmax":0.658203125,"xmin":0.32421875,"ycenter":106,"ymax":0.5400390625,"ymin":0.169189453125},"faces":[{"X":-5,"Y":69,"Z":565,"label":1,"score":1.0,"xcenter":147,"xmax":0.658203125,"xmin":0.32421875,"ycenter":106,"ymax":0.5400390625,"ymin":0.169189453125}]}