{"best":{"X":-14,"Y":70,"Z":580,"label":1,"score":1.0,"xcenter":142,"xmax":0.6455078125,"xmin":0.305419921875,"ycenter":107,"ymax":0.5498046875,"ymin":0.1668701171875},"faces":[{"X":-14,"Y":70,"Z":580,"label":1,"score":1.0,"xcenter":142,"xmax":0.6455078125,"xmin":0.305419921875,"ycenter":107,"ymax":0.5498046875,"ymin":0.1668701171875}]}