{"best":{"X":81,"Y":62,"Z":370,"label":1,"score":1.0,"xcenter":229,"xmax":0.9990234375,"xmin":0.5341796875,"ycenter":90,"ymax":0.60107421875,"ymin":-0.0009765625},"faces":[{"X":81,"Y":62,"Z":370,"label":1,"score":1.0,"xcenter":229,"xmax":0.9990234375,"xmin":0.5341796875,"ycenter":90,"ymax":0.60107421875,"ymin":-0.0009765625}]}