{"best":{"X":22,"Y":69,"Z":561,"label":1,"score":1.0,"xcenter":165,"xmax":0.71435546875,"xmin":0.38818359375,"ycenter":106,"ymax":0.537109375,"ymin":0.1717529296875},"faces":[{"X":22,"Y":69,"Z":561,"label":1,"score":1.0,"xcenter":165,"xmax":0.71435546875,"xmin":0.38818359375,"ycenter":106,"ymax":0.537109375,"ymin":0.1717529296875}]}