{"best":{"X":-33,"Y":70,"Z":355,"label":1,"score":1.0,"xcenter":117,"xmax":0.66650390625,"xmin":0.11669921875,"ycenter":79,"ymax":0.52734375,"ymin":-0.0029296875},"faces":[{"X":-33,"Y":70,"Z":355,"label":1,"score":1.0,"xcenter":117,"xmax":0.66650390625,"xmin":0.11669921875,"ycenter":79,"ymax":0.52734375,"ymin":-0.0029296875}]}