{"best":{"X":29,"Y":52,"Z":582,"label":1,"score":1.0,"xcenter":169,"xmax":0.7353515625,"xmin":0.3984375,"ycenter":118,"ymax":0.58642578125,"ymin":0.20703125},"faces":[{"X":29,"Y":52,"Z":582,"label":1,"score":1.0,"xcenter":169,"xmax":0.7353515625,"xmin":0.3984375,"ycenter":118,"ymax":0.58642578125,"ymin":0.20703125}]}