{"best":{"X":-50,"Y":81,"Z":483,"label":1,"score":1.0,"xcenter":113,"xmax":0.57958984375,"xmin":0.1805419921875,"ycenter":90,"ymax":0.5244140625,"ymin":0.0828857421875},"faces":[{"X":-50,"Y":81,"Z":483,"label":1,"score":1.0,"xcenter":113,"xmax":0.57958984375,"xmin":0.1805419921875,"ycenter":90,"ymax":0.5244140625,"ymin":0.0828857421875}]}