{"best":{"X":-41,"Y":76,"Z":514,"label":1,"score":1.0,"xcenter":122,"xmax":0.59619140625,"xmin":0.2213134765625,"ycenter":97,"ymax":0.5263671875,"ymin":0.1239013671875},"faces":[{"X":-41,"Y":76,"Z":514,"label":1,"score":1.0,"xcenter":122,"xmax":0.59619140625,"xmin":0.2213134765625,"ycenter":97,"ymax":0.5263671875,"ymin":0.1239013671875}]}